ID,INV,DATE,CATALOG,PCODE,QTY,custnum
1,2513000,17/12/2000 00:00:00,Gardening,GD3200,3.0,Rifkin, Mr Bob
2,2513000,6/1/2001 00:00:00,Pets,PT1400,1.0,Rifkin, Mr. Bob
3,2513000,6/1/2001 00:00:00,Pets,PT2000,1.0,Rifkin, Mr. Bob
4,2513000,6/1/2001 00:00:00,Pets,PT2100,1.0,Rifkin, Mr. Bob
5,2513000,27/7/2000 00:00:00,Pets,PT2OOO,4.0,Rifkin, Mr. Bob
6,2513000,1/9/2000 00:00:00,Toys,TY4300,1.0,Rifkin, Mr. B
7,2638000,16/11/2000 00:00:00,Pets,PT1200,3.0,Karl, Mr. Adrian
8,2638000,25/1/2001 00:00:00,Pets,PT1400,1.0,Karl, Mr. Adrian
9,2638000,29/5/2001 00:00:00,Pets,PT1400,2.0,Karl, Mr. Adrian
10,2638000,2/7/2001 00:00:00,Sports,SP2300,1.0,Karl, Mr. Adrian
11,2638000,8/7/2001 00:00:00,Sports,SP2600,1.0,Karl, Mr. Adrian
12,2638000,27/8/2000 00:00:00,Sports,SP3000,1.0,Karl, Mr. Adrian
13,2638000,16/6/2001 00:00:00,Toys,TY3500,4.0,Karl, Mr. Adrian
14,2763000,2/8/2000 00:00:00,Gardening,GD2100,1.0,Artis, Ms. Carol
15,2763000,11/11/2000 00:00:00,Gardening,GD2400,4.0,Artis, Ms. Carol
16,2763000,7/2/2001 00:00:00,Sports,SP2300,2.0,Artis, Ms. Carol
17,2763000,7/2/2001 00:00:00,Sports,SP2700,3.0,Artis, Ms. Carol
18,2763000,12/1/2001 00:00:00,Sports,SP3100,1.0,Artis, Ms. Carol
19,2763000,3/2/2001 00:00:00,Toys,TY1650,1.0,Artis, Ms. Carol
20,2763000,3/1/2001 00:00:00,Toys,TY4200,2.0,Artis, Ms. C.
21,2888000,14/8/2000 00:00:00,Gardening,GD1001,1.0,Montrose, Ms. Irene
22,2888000,1/1/2001 00:00:00,Pets,PT1200,1.0,Montrose, Ms. Irene
23,2888000,11/10/2000 00:00:00,Pets,PT1300,1.0,Montrose, Ms. Irene
24,2888000,7/9/2000 00:00:00,Sports,SP1400,1.0,Montrose, Ms. Irene
25,2888000,7/4/2001 00:00:00,Sports,SP2500,1.0,Montrose, Ms. Irene
26,2888000,26/3/2001 00:00:00,Sports,SP3000,2.0,Montrose, Ms. Irene
27,2888000,30/1/2001 00:00:00,Toys,TY1400,1.0,Montrose, Ms. Irene
28,2888000,30/1/2001 00:00:00,Toys,TY4600,4.0,Montrose, Ms. Irene
29,2888000,30/1/2001 00:00:00,Toys,TY5100,1.0,Montrose, Ms. Irene
30,3013000,6/7/2001 00:00:00,Gardening,GD1500,1.0,Hawks, Ms. Sue
31,3013000,6/7/2001 00:00:00,Gardening,GD2300,4.0,Hawks, Ms. Sue
32,3013000,7/1/2001 00:00:00,Toys,TY1700,1.0,Hawks, Ms. Sue
33,3013000,21/9/2000 00:00:00,Toys,TY1800,1.0,Hawks, Ms. Sue
34,3013000,21/9/2000 00:00:00,Toys,TY4100,1.0,Hawks, Ms. Sue
35,3138000,13/11/2000 00:00:00,Gardening,GD1001,2.0,Brahm, Mr. T. L.
36,3184000,14/11/2000 00:00:00,Gardening,GD16OO,1.0,Jones, Mr. T. J.
37,3184000,14/11/2000 00:00:00,Gardening,GD2200,3.0,Jones, Mr. T. J.
38,3184000,14/11/2000 00:00:00,Gardening,GD3200,1.0,Jones, Mr. T. J.
39,3184000,13/4/2001 00:00:00,Pets,PT1300,3.0,Jones, Mr. T. J.
40,3184000,26/2/2001 00:00:00,Pets,PT1400,3.0,Jones, Mr. T. J.
41,3184000,11/1/2001 00:00:00,Sports,SP3000,1.0,Jones, Mr. T. J.
42,3184000,6/2/2001 00:00:00,Sports,SP3000,1.0,Jones, Mr. T. J.
43,3184000,2/11/2000 00:00:00,Toys,TY1500,4.0,Jones, Mr. T. J.
44,3184000,2/11/2000 00:00:00,Toys,TY2600,2.0,Jones, Mr. T. J.
45,3184000,7/5/2001 00:00:00,Toys,TY4500,1.0,Jones, Mr. T. J.
46,3184000,2/11/2000 00:00:00,Toys,TY5200,1.0,Jones, Mr. T. J.
47,3184000,2/11/2000 00:00:00,Toys,TY5300,2.0,Jones, Mr. T. J.
48,3263000,11/4/2001 00:00:00,Pets,PT2300,1.0,Marks, Mr. B. D.
49,3263000,7/4/2001 00:00:00,Sports,SP3300,3.0,Marks, Mr. B. D.
50,3263000,5/7/2000 00:00:00,Toys,TY1950,4.0,Marks, Mr. B. D.
51,3273000,30/8/2000 00:00:00,Gardening,GD2000,1.0,Jones, Ms. Jeannette
52,3273000,23/7/2000 00:00:00,Pets,PT1200,1.0,Jones, Ms. Jeannette
53,3273000,23/7/2000 00:00:00,Pets,PT2100,2.0,Jones, Ms. Jeannette
54,3273000,20/5/2001 00:00:00,Sports,SP3300,1.0,Jones, Ms. Jeannette
55,3273000,29/12/2000 00:00:00,Toys,TY1300,3.0,Jones, Ms. Jeannette
56,3273000,29/12/2000 00:00:00,Toys,TY4200,1.0,Jones, Ms. Jeannette
57,3273000,29/12/2000 00:00:00,Toys,TY5300,1.0,Jones, Ms. Jeannette
58,3388000,23/12/2000 00:00:00,Gardening,GD2000,1.0,Klingfelt, Ms. Liza
59,3388000,9/4/2001 00:00:00,Gardening,GD2300,1.0,Klingfelt, Ms. Liza
60,3388000,23/12/2000 00:00:00,Pets,PT1000,1.0,Klingfelt, Ms. Liza
61,3388000,28/12/2000 00:00:00,Pets,PT2000,1.0,Klingfelt, Ms. Liza
62,3388000,23/12/2000 00:00:00,Pets,PT2400,4.0,Klingfelt, Ms. Liza
63,3388000,28/6/2001 00:00:00,Sports,SP2200,1.0,Klingfelt, Ms. Liza
64,3388000,20/4/2001 00:00:00,Toys,TY21OO,3.0,Klingfelt, Ms. Liza
65,3388000,6/5/2001 00:00:00,Toys,TY4100,1.0,Klingfelt, Ms. Liza
66,3513000,16/2/2001 00:00:00,Sports,SP2200,1.0,Manness, Mr. Mel
67,3513000,7/7/2001 00:00:00,Sports,SP3300,1.0,Manness, Mr. Mel
68,3513000,16/10/2000 00:00:00,Toys,TY2500,1.0,Manness, Mr. Mel
69,3638000,1/8/2001 00:00:00,Sports,SP2400,1.0,Cockrell, Mr. M. C.
70,3638000,25/12/2000 00:00:00,Toys,TY4500,1.0,Cockrell, Mr. M. C.
71,3763000,3/7/2001 00:00:00,Gardening,GD1300,1.0,Stewart, Mr. S. R.
72,3763000,3/7/2001 00:00:00,Gardening,GD2400,3.0,Stewart, Mr. S. R.
73,3763000,3/7/2001 00:00:00,Gardening,GD3100,1.0,Stewart, Mr. S. R.
74,3763000,3/7/2001 00:00:00,Gardening,GD4200,1.0,Stewart, Mr. S. R.
75,3763000,6/8/2000 00:00:00,Sports,SP2000,1.0,Stewart, Mr. S. R.
76,3763000,13/5/2001 00:00:00,Sports,SP3300,1.0,Stewart, Mr. S. R.
77,3888000,3/11/2000 00:00:00,Sports,SP1000,1.0,Watson, Mr. Ed
78,3906000,11/9/2000 00:00:00,Sports,SP1000,3.0,Jones, Ms. Annie
79,3906000,11/9/2000 00:00:00,Sports,SP14OO,4.0,Jones, Ms. Annie
80,3906000,3/12/2000 00:00:00,Sports,SP2200,3.0,Jones, Ms. Annie
81,3906000,11/9/2000 00:00:00,Sports,SP2400,1.0,Jones, Ms. Annie
82,4013000,12/3/2001 00:00:00,Toys,TY2400,1.0,Monroe, Ms. Julie
83,4138000,12/11/2000 00:00:00,Gardening,GD2200,4.0,Frederik, Mr. Frank
84,4138000,3/8/2000 00:00:00,Gardening,GD4000,2.0,Frederik, Mr. Frank
85,4138000,20/8/2000 00:00:00,Sports,SP1300,1.0,Frederik, Mr. Frank
86,4138000,24/7/2001 00:00:00,Sports,SP3300,1.0,Frederik, Mr. Frank
87,4138000,30/5/2001 00:00:00,Toys,TY1650,1.0,Frederik, Mr. Frank
88,4138000,30/5/2001 00:00:00,Toys,TY1900,1.0,Frederik, Mr. Frank
89,4138000,30/5/2001 00:00:00,Toys,TY2500,4.0,Frederik, Mr. Frank
90,4138000,30/5/2001 00:00:00,Toys,TY3800,2.0,Frederik, Mr. Frank
91,4263000,19/6/2001 00:00:00,Gardening,GD110O,1.0,Maadje, Mr. Leo
92,4263000,23/9/2000 00:00:00,Gardening,GD3100,1.0,Maadje, Mr. Leo
93,4263000,24/11/2000 00:00:00,Sports,SP1000,1.0,Maadje, Mr. Leo
94,4263000,1/2/2001 00:00:00,Sports,SP1200,1.0,Maadje, Mr. Leo
95,4263000,9/6/2001 00:00:00,Sports,SP2400,2.0,Maadje, Mr. Leo
96,4263000,17/8/2000 00:00:00,Sports,SP2600,3.0,Maadje, Mr. Leo
97,4263000,14/4/2001 00:00:00,Toys,TY5200,1.0,Maadje, Mr. Leo
98,4388000,4/11/2000 00:00:00,Gardening,GD3400,1.0,Verrella, Ms. Nancy
99,4388000,6/8/2000 00:00:00,Toys,TY5400,1.0,Verrella, Ms. Nancy
100,4401000,13/9/2000 00:00:00,Gardening,GD2400,1.0,Hopkins, Ms. Stella
101,4401000,27/2/2001 00:00:00,Pets,PT2300,2.0,Hopkins, Ms. Stella
102,4401000,24/1/2001 00:00:00,Sports,SP1100,1.0,Hopkins, Ms. Stella
103,4401000,17/3/2001 00:00:00,Toys,TY1400,1.0,Hopkins, Ms. Stella
104,4401000,1/3/2001 00:00:00,Toys,TY2500,1.0,Hopkins, Ms. Stella
105,4401000,20/3/2001 00:00:00,Toys,TY3100,1.0,Hopkins, Ms. Stella
106,4513000,30/6/2001 00:00:00,Pets,PT1100,1.0,Mooreson, Ms. Michelle
107,4513000,30/6/2001 00:00:00,Pets,PT2100,2.0,Mooreson, Ms. Michelle
108,4513000,20/10/2000 00:00:00,Sports,SP2300,1.0,Mooreson, Ms. Michelle
109,4513000,12/5/2001 00:00:00,Toys,TY4600,1.0,Mooreson, Ms. Michelle
110,4617000,16/7/2000 00:00:00,Gardening,GD3400,1.0,Jones, Mr. Ricardo
111,4617000,20/7/2000 00:00:00,Pets,PT2000,1.0,Jones, Mr. Ricardo
112,4617000,21/9/2000 00:00:00,Sports,SP1600,4.0,Jones, Mr. Ricardo
113,4638000,22/9/2000 00:00:00,Gardening,GD1001,1.0,Wise, Mr. C. J.
114,4638000,7/11/2000 00:00:00,Pets,PT1100,1.0,Wise, Mr. C. J.
115,4638000,7/11/2000 00:00:00,Pets,PT1400,3.0,Wise, Mr. C. J.
116,4638000,7/11/2000 00:00:00,Pets,PT2200,1.0,Wise, Mr. C. J.
117,4638000,16/10/2000 00:00:00,Sports,SP2000,1.0,Wise, Mr. C. J.
118,4638000,9/3/2001 00:00:00,Sports,SP2500,1.0,Wise, Mr. C. J.
119,4638000,28/11/2000 00:00:00,Toys,TY4300,4.0,Wise, Mr. C. J.
120,4763000,5/7/2001 00:00:00,Gardening,GD1300,2.0,Black, Ms. Heather
121,4763000,20/5/2001 00:00:00,Pets,PT2000,1.0,Black, Ms. Heather
122,4763000,20/5/2001 00:00:00,Pets,PT2100,2.0,Black, Ms. Heather
123,4763000,20/5/2001 00:00:00,Pets,PT3100,3.0,Black, Ms. Heather
124,4763000,2/10/2000 00:00:00,Sports,SP1400,1.0,Black, Ms. Heather
125,4763000,25/7/2001 00:00:00,Sports,SP3400,1.0,Black, Ms. Heather
126,4763000,20/12/2000 00:00:00,Toys,TY1700,1.0,Black, Ms. Heather
127,4763000,7/11/2000 00:00:00,Gardening,gd3100,1.0,Black, Ms. Heather
128,4891000,3/3/2001 00:00:00,Pets,PT1400,1.0,Ashford, Mr. John
129,4891000,2/8/2000 00:00:00,Sports,SP3200,1.0,Ashford, Mr. John
130,4891000,26/1/2001 00:00:00,Toys,TY1650,1.0,Ashford, Mr. John
131,4891000,26/1/2001 00:00:00,Toys,TY1750,1.0,Ashford, Mr. John
132,4891000,26/1/2001 00:00:00,Toys,TY3700,1.0,Ashford, Mr. John
133,4941000,11/8/2000 00:00:00,Gardening,GD1500,1.0,Janus, Mr. David
134,4941000,3/12/2000 00:00:00,Gardening,GD1500,1.0,Janus, Mr. David
135,4941000,3/12/2000 00:00:00,Gardening,GD2000,3.0,Janus, Mr. David
136,4941000,4/1/2001 00:00:00,Pets,PT1300,4.0,Janus, Mr. David
137,4941000,4/1/2001 00:00:00,Pets,PT2100,1.0,Janus, Mr. David
138,4941000,4/1/2001 00:00:00,Pets,PT2300,1.0,Janus, Mr. David
139,4941000,23/9/2000 00:00:00,Toys,TY1200,1.0,Janus, Mr. David
140,4941000,23/9/2000 00:00:00,Toys,TY2200,2.0,Janus, Mr. David
141,4941000,23/9/2000 00:00:00,Toys,TY2500,1.0,Janus, Mr. David
142,4941000,27/3/2001 00:00:00,Toys,TY3200,1.0,Janus, Mr. David
143,4941000,23/9/2000 00:00:00,Toys,TY5100,1.0,Janus, Mr. David
144,5016000,7/7/2000 00:00:00,Pets,PT2300,1.0,Conway, Mr. Merlin
145,5016000,4/1/2001 00:00:00,Sports,SP1000,4.0,Conway, Mr. Merlin
146,5016000,4/1/2001 00:00:00,Sports,SP1300,2.0,Conway, Mr. Merlin
147,5016000,4/1/2001 00:00:00,Sports,SP1500,1.0,Conway, Mr. Merlin
148,5016000,4/1/2001 00:00:00,Sports,SP2500,4.0,Conway, Mr. Merlin
149,5016000,16/12/2000 00:00:00,Sports,SP3100,1.0,Conway, Mr. Merlin
150,5141000,25/10/2000 00:00:00,Gardening,GD3000,1.0,Wang, Ms. M. S.
151,5141000,13/3/2001 00:00:00,Pets,PT3300,1.0,Wang, Ms. M. S.
152,5141000,19/8/2000 00:00:00,Sports,SP1600,1.0,Wang, Ms. M. S.
153,5141000,11/10/2000 00:00:00,Sports,SP2000,1.0,Wang, Ms. M. S.
154,5141000,22/3/2001 00:00:00,Toys,TY2500,2.0,Wang, Ms. M. S.
155,5150000,7/1/2001 00:00:00,Pets,PT2200,4.0,Jones, Ms. G. L.
156,5150000,20/10/2000 00:00:00,Toys,TY4700,1.0,Jones, Ms. G. L.
157,5266000,31/7/2001 00:00:00,Gardening,GD1100,3.0,Finster, Mr. Howard
158,5266000,8/11/2000 00:00:00,Sports,SP3200,3.0,Finster, Mr. Howard
159,5266000,28/9/2000 00:00:00,Sports,SP3300,4.0,Finster, Mr. Howard
160,5266000,18/11/2000 00:00:00,Toys,TY1100,1.0,Finster, Mr. Howard
161,5266000,10/5/2001 00:00:00,Toys,TY3800,1.0,Finster, Mr. Howard
162,5391000,20/2/2001 00:00:00,Pets,PT1100,1.0,Buscemi, Mr. Steve
163,5391000,9/8/2001 00:00:00,Pets,PT1300,4.0,Buscemi, Mr. Steve
164,5391000,20/2/2001 00:00:00,Pets,PT2300,3.0,Buscemi, Mr. Steve
165,5391000,6/5/2001 00:00:00,Sports,SP1000,1.0,Buscemi, Mr. Steve
166,5391000,6/5/2001 00:00:00,Sports,SP2200,1.0,Buscemi, Mr. Steve
167,5391000,6/5/2001 00:00:00,Sports,SP2400,1.0,Buscemi, Mr. Steve
168,137000,10/9/2000 00:00:00,Gardening,GD2200,1.0,Kraft, Ms. Rose
169,137000,20/7/2001 00:00:00,Gardening,GD3100,3.0,Kraft, Ms. Rose
170,137000,20/7/2001 00:00:00,Gardening,GD3300,1.0,Kraft, Ms. Rose
171,137000,20/7/2001 00:00:00,Gardening,GD3400,1.0,Kraft, Ms. Rose
172,137000,20/7/2001 00:00:00,Gardening,GD4300,3.0,Kraft, Ms. Rose
173,137000,13/9/2000 00:00:00,Pets,PT1300,3.0,Kraft, Ms. Rose
174,137000,23/8/2000 00:00:00,Sports,SP1000,1.0,Kraft, Ms. Rose
175,137000,22/2/2001 00:00:00,Sports,SP1500,1.0,Kraft, Ms. Rose
176,137000,24/1/2001 00:00:00,Toys,TY1200,4.0,Kraft, Ms. Rose
177,137000,24/1/2001 00:00:00,Toys,TY2100,1.0,Kraft, Ms. Rose
178,137000,24/1/2001 00:00:00,Toys,TY2300,1.0,Kraft, Ms. Rose
179,137000,8/12/2000 00:00:00,Toys,TY4100,1.0,Kraft, Ms. Rose
180,137000,24/1/2001 00:00:00,Toys,TY4100,1.0,Kraft, Ms. Rose
181,262000,3/3/2001 00:00:00,Sports,SP2400,4.0,Yang, Ms. Joan
182,262000,19/5/2001 00:00:00,Sports,SP2700,4.0,Yang, Ms. Joan
183,262000,8/11/2000 00:00:00,Toys,TY1800,2.0,Yang, Ms. Joan
184,387000,5/10/2000 00:00:00,Gardening,GD2000,1.0,Hinfelt, Mr. B. K.
185,387000,3/7/2000 00:00:00,Pets,PT2100,1.0,Hinfelt, Mr. B. K.
186,387000,17/5/2001 00:00:00,Sports,SP1200,1.0,Hinfelt, Mr. B. K.
187,387000,14/7/2001 00:00:00,Sports,SP2200,1.0,Hinfelt, Mr. B. K.
188,387000,14/7/2001 00:00:00,Sports,SP2300,1.0,Hinfelt, Mr. B. K.
189,387000,14/7/2001 00:00:00,Sports,SP2400,1.0,Hinfelt, Mr. B. K.
190,387000,20/8/2000 00:00:00,Sports,SP3300,1.0,Hinfelt, Mr. B. K.
191,387000,27/2/2001 00:00:00,Toys,TY1100,2.0,Hinfelt, Mr. B. K.
192,387000,27/2/2001 00:00:00,Toys,TY3200,2.0,Hinfelt, Mr. B. K.
193,387000,27/2/2001 00:00:00,Toys,TY4200,1.0,Hinfelt, Mr. B. K.
194,387000,27/2/2001 00:00:00,Toys,TY5300,1.0,Hinfelt, Mr. B. K.
195,456000,27/6/2000 00:00:00,Gardening,GD3400,3.0,Jones, Mr. B. T.
196,456000,7/5/2001 00:00:00,Pets,PT2200,3.0,Jones, Mr. B. T.
197,456000,17/6/2001 00:00:00,Pets,PT3200,2.0,Jones, Mr. B. T.
198,456000,3/2/2001 00:00:00,Sports,SP3400,1.0,Jones, Mr. B. T.
199,456000,30/5/2001 00:00:00,Toys,TY3800,1.0,Jones, Mr. B. T.
200,512000,5/7/2001 00:00:00,Sports,SP1500,1.0,Gibson, Mr. R. K.
201,637000,23/11/2000 00:00:00,Pets,PT1400,1.0,Rose, Mr. J. L.
202,637000,23/11/2000 00:00:00,Pets,PT2200,1.0,Rose, Mr. J. L.
203,637000,14/2/2001 00:00:00,Toys,TY4400,1.0,Rose, Mr. J. L.
204,733000,13/2/2001 00:00:00,Toys,TY17OO,4.0,Jones, Ms. Sallie
205,762000,7/11/2000 00:00:00,Sports,SP2400,1.0,Montrose, Mr. B. T.
206,887000,15/3/2001 00:00:00,Pets,PT2100,1.0,Monsano, Ms. A. M.
207,887000,25/5/2001 00:00:00,Sports,SP2600,1.0,Monsano, Ms. A. M.
208,887000,28/1/2001 00:00:00,Toys,TY2400,1.0,Monsano, Ms. A. M.
209,887000,28/1/2001 00:00:00,Toys,TY3700,1.0,Monsano, Ms. A. M.
210,887000,28/1/2001 00:00:00,Toys,TY4600,1.0,Monsano, Ms. A. M.
211,887000,28/1/2001 00:00:00,Toys,TY5100,4.0,Monsano, Ms. A. M.
212,914000,28/6/2000 00:00:00,Pets,PT1100,3.0,Monsano, Ms. A. Margaret
213,914000,28/6/2000 00:00:00,Pets,PT3100,1.0,Monsano, Ms. A. Margaret
214,914000,24/2/2001 00:00:00,Sports,SP1000,1.0,Monsano, Ms. A. Margaret
215,914000,24/2/2001 00:00:00,Sports,SP1300,1.0,Monsano, Ms. A. Margaret
216,914000,15/5/2001 00:00:00,Sports,SP2200,1.0,Monsano, Ms. A. Margaret
217,914000,24/2/2001 00:00:00,Sports,SP2300,4.0,Monsano, Ms. A. Margaret
218,914000,21/4/2001 00:00:00,Toys,TY3700,1.0,Monsano, Ms. A. Margaret
219,914000,5/4/2001 00:00:00,Toys,TY3800,1.0,Monsano, Ms. A. Margaret
220,914000,19/1/2001 00:00:00,Gardening,gd3100,3.0,Monsano, Ms. A. Margaret
221,1012000,1/3/2001 00:00:00,Gardening,GD2200,1.0,Albertson, Mr. Erin
222,1012000,1/3/2001 00:00:00,Gardening,GD2400,1.0,Albertson, Mr. Erin
223,1012000,1/3/2001 00:00:00,Gardening,GD3200,1.0,Albertson, Mr. Erin
224,1012000,1/3/2001 00:00:00,Gardening,GD4100,1.0,Albertson, Mr. Erin
225,1012000,28/3/2001 00:00:00,Pets,PT4600,1.0,Albertson, Mr. Erin
226,1012000,3/12/2000 00:00:00,Toys,TY1950,1.0,Albertson, Mr. Erin
227,1012000,3/12/2000 00:00:00,Toys,TY4600,3.0,Albertson, Mr. Erin
228,1012000,3/12/2000 00:00:00,Toys,TY5300,1.0,Albertson, Mr. Erin
229,1137000,13/10/2000 00:00:00,Gardening,GD3200,1.0,Eberhart, Ms. Tonya
230,1137000,21/4/2001 00:00:00,Toys,TY3400,4.0,Eberhart, Ms. Tonya
231,1222000,26/3/2001 00:00:00,Pets,PT1400,4.0,Jones, Mr. Samuel
232,1222000,30/4/2001 00:00:00,Toys,TY4200,1.0,Jones, Mr. Samuel
233,1222000,3/2/2001 00:00:00,Toys,TY4600,1.0,Jones, Mr. Samuel
234,1250000,22/7/2001 00:00:00,Gardening,GD1100,1.0,Jones, Ms. Kat
235,1250000,12/4/2001 00:00:00,Gardening,GD15OO,1.0,Jones, Ms. Kat
236,1250000,12/4/2001 00:00:00,Gardening,GD3000,3.0,Jones, Ms. Kat
237,1250000,12/4/2001 00:00:00,Gardening,GD3200,2.0,Jones, Ms. Kat
238,1250000,9/8/2000 00:00:00,Pets,PT1300,4.0,Jones, Ms. Kat
239,1250000,31/3/2001 00:00:00,Pets,PT2100,1.0,Jones, Ms. Kat
240,1250000,3/3/2001 00:00:00,Sports,SP1400,1.0,Jones, Ms. Kat
241,1250000,3/3/2001 00:00:00,Sports,SP2500,2.0,Jones, Ms. Kat
242,1262000,20/6/2001 00:00:00,Sports,SP1000,1.0,Jillian, Ms. Rue
243,1262000,12/9/2000 00:00:00,Sports,SP1200,1.0,Jillian, Ms. Rue
244,1262000,25/12/2000 00:00:00,Toys,TY4200,1.0,Jillian, Ms. Rue
245,1355000,16/11/2000 00:00:00,Sports,SP1300,1.0,Jones, Ms. Terri
246,1387000,4/1/2001 00:00:00,Gardening,GD2000,1.0,Horner, Mr. J. M.
247,1387000,4/1/2001 00:00:00,Gardening,GD3100,1.0,Horner, Mr. J. M.
248,1387000,4/1/2001 00:00:00,Gardening,GD3400,2.0,Horner, Mr. J. M.
249,1387000,3/1/2001 00:00:00,Pets,PT4100,1.0,Horner, Mr. J. M.
250,1387000,2/1/2001 00:00:00,Sports,SP1500,1.0,Horner, Mr. J. M.
251,1387000,2/1/2001 00:00:00,Sports,SP2000,2.0,Horner, Mr. J. M.
252,1387000,28/9/2000 00:00:00,Sports,SP2500,3.0,Horner, Mr. J. M.
253,1387000,2/1/2001 00:00:00,Sports,SP2500,1.0,Horner, Mr. J. M.
254,1387000,2/1/2001 00:00:00,Sports,SP2700,1.0,Horner, Mr. J. M.
255,1512000,23/12/2000 00:00:00,Pets,PT1300,1.0,Jackson, Mr. Ellis
256,1512000,23/12/2000 00:00:00,Pets,PT1400,4.0,Jackson, Mr. Ellis
257,1512000,23/12/2000 00:00:00,Pets,PT2200,3.0,Jackson, Mr. Ellis
258,1512000,3/4/2001 00:00:00,Sports,SP2600,2.0,Jackson, Mr. Ellis
259,1512000,30/6/2000 00:00:00,Toys,TY2600,1.0,Jackson, Mr. Ellis
260,1637000,8/10/2000 00:00:00,Sports,SP1200,1.0,Gilley, Ms. Sue
261,1637000,29/5/2001 00:00:00,Sports,SP2300,1.0,Gilley, Ms. Sue
262,1642000,22/12/2000 00:00:00,Sports,SP1000,4.0,Jones, Ms. Marie
263,1642000,22/12/2000 00:00:00,Sports,SP1300,1.0,Jones, Ms. Marie
264,1642000,22/12/2000 00:00:00,Sports,SP2000,4.0,Jones, Ms. Marie
265,1642000,3/12/2000 00:00:00,Sports,SP3300,1.0,Jones, Ms. Marie
266,1642000,22/12/2000 00:00:00,Sports,SP3400,3.0,Jones, Ms. Marie
267,1762000,20/1/2001 00:00:00,Gardening,GD1500,1.0,Moffet, Ms. Kat
268,1762000,27/11/2000 00:00:00,Gardening,GD2200,1.0,Moffet, Ms. Kat
269,1762000,6/7/2000 00:00:00,Sports,SP2700,1.0,Moffet, Ms. Kat
270,1762000,26/11/2000 00:00:00,Sports,SP3400,1.0,Moffet, Ms. Kat
271,1762000,28/9/2000 00:00:00,Toys,TY1950,3.0,Moffet, Ms. Kat
272,1762000,3/6/2001 00:00:00,Toys,TY5400,3.0,Moffet, Ms. Katarine
273,1887000,21/5/2001 00:00:00,Gardening,GD1100,4.0,Freeman, Mr. Michael
274,1887000,5/8/2001 00:00:00,Sports,SP2200,1.0,Freeman, Mr. Michael
275,1887000,16/4/2001 00:00:00,Sports,SP2400,3.0,Freeman, Mr. Michael
276,1887000,9/12/2000 00:00:00,Toys,TY1800,1.0,Freeman, Mr. Michael
277,1912000,2/1/2001 00:00:00,Pets,PT1300,1.0,Jones, Mr. Bob
278,1912000,27/3/2001 00:00:00,Pets,PT1400,1.0,Jones, Mr. Bob
279,1912000,27/3/2001 00:00:00,Pets,PT2200,1.0,Jones, Mr. Bob
280,1912000,27/3/2001 00:00:00,Pets,PT4600,1.0,Jones, Mr. Bob
281,1912000,14/12/2000 00:00:00,Sports,SP3300,1.0,Jones, Mr. Bob
282,1912000,17/11/2000 00:00:00,Toys,TY1300,2.0,Jones, Mr. Bob
283,1912000,17/11/2000 00:00:00,Toys,TY2100,1.0,Jones, Mr. Bob
284,1912000,17/11/2000 00:00:00,Toys,TY2700,1.0,Jones, Mr. Bob
285,1912000,17/11/2000 00:00:00,Toys,TY4100,1.0,Jones, Mr. Bob
286,1912000,3/4/2001 00:00:00,Toys,TY4400,1.0,Jones, Mr. Bob
287,2012000,22/10/2000 00:00:00,Pets,PT4600,1.0,Romanoff, Mr. Sergei
288,2137000,9/8/2000 00:00:00,Gardening,GD2100,1.0,Chang, Ms. Kate
289,2137000,3/7/2001 00:00:00,Gardening,GD3300,1.0,Chang, Ms. Kate
290,2137000,2/10/2000 00:00:00,Sports,SP1500,1.0,Chang, Ms. Kate
291,2137000,8/1/2001 00:00:00,Sports,SP1500,1.0,Chang, Ms. Kate
292,2137000,8/1/2001 00:00:00,Sports,SP2000,1.0,Chang, Ms. Kate
293,2137000,15/10/2000 00:00:00,Sports,SP2200,1.0,Chang, Ms. Kate
294,2137000,21/10/2000 00:00:00,Sports,SP2200,3.0,Chang, Ms. Kate
295,2137000,21/10/2000 00:00:00,Sports,SP2400,1.0,Chang, Ms. Kate
296,2137000,8/1/2001 00:00:00,Sports,SP2400,3.0,Chang, Ms. Kate
297,2137000,10/7/2001 00:00:00,Sports,SP2500,1.0,Chang, Ms. Kate
298,2137000,8/1/2001 00:00:00,Sports,SP3100,2.0,Chang, Ms. Kate
299,2137000,21/10/2000 00:00:00,Sports,SP3400,1.0,Chang, Ms. Kate
300,2173000,12/7/2001 00:00:00,Gardening,GD1300,1.0,Jones, Ms. Ellen
301,2173000,1/8/2001 00:00:00,Gardening,GD4100,1.0,Jones, Ms. Ellen
302,2173000,3/1/2001 00:00:00,Sports,SP13OO,4.0,Jones, Ms. Ellen
303,2173000,4/8/2000 00:00:00,Sports,SP2300,4.0,Jones, Ms. Ellen
304,2173000,28/11/2000 00:00:00,Sports,SP2500,1.0,Jones, Ms. Ellen
305,2173000,11/5/2001 00:00:00,Toys,TY16OO,4.0,Jones, Ms. Ellen
306,2173000,5/5/2001 00:00:00,Toys,TY1950,1.0,Jones, Ms. Ellen
307,2263000,20/7/2001 00:00:00,Gardening,GD2400,1.0,Ross, Ms. C. L.
308,2263000,26/5/2001 00:00:00,Pets,PT2100,1.0,Ross, Ms. C. L.
309,2263000,9/2/2001 00:00:00,Toys,TY4400,1.0,Ross, Ms. C. L.
310,2349000,20/6/2000 00:00:00,Gardening,GD1010,1.0,Jones, Mr. J. T.
311,2349000,20/6/2000 00:00:00,Gardening,GD1200,1.0,Jones, Mr. J. T.
312,2349000,28/3/2001 00:00:00,Gardening,GD1200,2.0,Jones, Mr. J. T.
313,2349000,26/6/2000 00:00:00,Gardening,GD2000,3.0,Jones, Mr. J. T.
314,2349000,20/6/2000 00:00:00,Gardening,GD3000,1.0,Jones, Mr. J. T.
315,2349000,12/7/2001 00:00:00,Gardening,GD3100,1.0,Jones, Mr. J. T.
316,2349000,26/6/2000 00:00:00,Gardening,GD3300,1.0,Jones, Mr. J. T.
317,2349000,20/6/2000 00:00:00,Gardening,GD3400,1.0,Jones, Mr. J. T.
318,2349000,26/6/2000 00:00:00,Gardening,GD4100,1.0,Jones, Mr. J. T.
319,2349000,4/7/2001 00:00:00,Gardening,GD4200,1.0,Jones, Mr. J. T.
320,2349000,19/9/2000 00:00:00,Sports,SP1000,3.0,Jones, Mr. J. T.
321,2349000,15/2/2001 00:00:00,Sports,SP2600,1.0,Jones, Mr. J. T.
322,2349000,12/8/2000 00:00:00,Toys,TY1500,1.0,Jones, Mr. J. T.
323,2349000,14/1/2001 00:00:00,Toys,TY1600,1.0,Jones, Mr. J. T.
324,2349000,29/4/2001 00:00:00,Toys,TY1600,3.0,Jones, Mr. J. T.
325,2349000,29/4/2001 00:00:00,Toys,TY1650,1.0,Jones, Mr. J. T.
326,2349000,29/4/2001 00:00:00,Toys,TY1950,3.0,Jones, Mr. J. T.
327,2349000,12/8/2000 00:00:00,Toys,TY2200,1.0,Jones, Mr. J. T.
328,2349000,29/4/2001 00:00:00,Toys,TY2300,1.0,Jones, Mr. J. T.
329,2349000,12/8/2000 00:00:00,Toys,TY3600,1.0,Jones, Mr. J. T.
330,2349000,12/8/2000 00:00:00,Toys,TY4700,2.0,Jones, Mr. J. T.
331,2388000,28/1/2001 00:00:00,Sports,SP1100,1.0,Jones, Ms. Victoria
332,2388000,15/6/2001 00:00:00,Toys,TY3500,1.0,Jones, Ms. Victoria
333,2513000,17/12/2000 00:00:00,Gardening,GD1100,1.0,Rifkin, Mr. Bob
334,2513000,17/12/2000 00:00:00,Gardening,GD1600,1.0,Rifkin, Mr. Bob
335,2513000,17/12/2000 00:00:00,Gardening,GD2100,1.0,Rifkin, Mr. Bob
336,5391000,13/7/2000 00:00:00,Sports,SP2500,1.0,Buscemi, Mr. Steve
337,5391000,1/3/2001 00:00:00,Toys,TY2200,1.0,Buscemi, Mr. Steve
338,5391000,12/3/2001 00:00:00,Toys,TY2600,1.0,Buscemi, Mr. Steve
339,5391000,12/3/2001 00:00:00,Toys,TY3200,1.0,Buscemi, Mr. Steve
340,5391000,12/3/2001 00:00:00,Toys,TY5200,1.0,Buscemi, Mr. Steve
341,5516000,15/12/2000 00:00:00,Pets,PT2100,1.0,Keitel, Harvey
342,5516000,16/1/2001 00:00:00,Toys,TY1300,3.0,Keitel, Harvey
343,5516000,26/3/2001 00:00:00,Toys,TY2700,1.0,Keitel, Harvey
344,5516000,31/3/2001 00:00:00,Toys,TY3800,1.0,Keitel, Harvey
345,5634000,15/11/2000 00:00:00,Gardening,GD1010,1.0,James, Mr. Rick
346,5634000,15/11/2000 00:00:00,Gardening,GD12OO,3.0,James, Mr. Rick
347,5634000,15/11/2000 00:00:00,Gardening,GD4200,1.0,James, Mr. Rick
348,5634000,25/10/2000 00:00:00,Pets,PT2100,1.0,James, Mr. Rick
349,5634000,23/6/2000 00:00:00,Sports,SP1000,2.0,James, Mr. Rick
350,5634000,12/7/2000 00:00:00,Sports,SP1000,1.0,James, Mr. Rick
351,5634000,26/9/2000 00:00:00,Sports,SP1100,2.0,James, Mr. Rick
352,5634000,12/7/2000 00:00:00,Sports,SP1400,2.0,James, Mr. Rick
353,5634000,30/7/2001 00:00:00,Sports,SP2200,1.0,James, Mr. Rick
354,5634000,12/7/2000 00:00:00,Sports,SP2300,1.0,James, Mr. Rick
355,5634000,12/6/2001 00:00:00,Sports,SP2400,1.0,James, Mr. Rick
356,5641000,1/11/2000 00:00:00,Gardening,GD2200,1.0,Rain, Mr. Doug
357,5641000,23/5/2001 00:00:00,Pets,PT1100,1.0,Rain, Mr. Doug
358,5641000,11/1/2001 00:00:00,Toys,TY3100,1.0,Rain, Mr. Doug
359,5641000,8/9/2000 00:00:00,Toys,TY3200,1.0,Rain, Mr. Doug
360,5766000,13/6/2001 00:00:00,Pets,PT1000,1.0,Challey, Ms. Jan
361,5766000,13/6/2001 00:00:00,Pets,PT1100,2.0,Challey, Ms. Jan
362,5766000,2/12/2000 00:00:00,Sports,SP1000,2.0,Challey, Ms. Jan
363,5766000,7/4/2001 00:00:00,Toys,TY1700,1.0,Challey, Ms. Jan
364,5891000,14/11/2000 00:00:00,Gardening,GD3400,2.0,Bating, Ms. S. T.
365,5891000,7/2/2001 00:00:00,Pets,PT2000,1.0,Bating, Ms. S. T.
366,5891000,2/8/2001 00:00:00,Pets,PT4600,1.0,Bating, Ms. S. T.
367,5891000,7/12/2000 00:00:00,Sports,SP1100,1.0,Bating, Ms. S. T.
368,5891000,14/9/2000 00:00:00,Sports,SP2600,1.0,Bating, Ms. S. T.
369,5891000,22/5/2001 00:00:00,Toys,TY1600,1.0,Bating, Ms. S. T.
370,5891000,22/5/2001 00:00:00,Toys,TY1750,4.0,Bating, Ms. S. T.
371,5891000,22/5/2001 00:00:00,Toys,TY3100,4.0,Bating, Ms. S. T.
372,5891000,22/5/2001 00:00:00,Toys,TY3800,2.0,Bating, Ms. S. T.
373,5891000,31/3/2001 00:00:00,Toys,TY4500,2.0,Bating, Ms. S. T.
374,5891000,26/1/2001 00:00:00,Toys,TY5200,2.0,Bating, Ms. S. T.
375,6016000,3/7/2001 00:00:00,Gardening,GD101O,1.0,Perlmann, Mr. T. C.
376,6016000,3/7/2001 00:00:00,Gardening,GD1100,3.0,Perlmann, Mr. T. C.
377,6016000,16/12/2000 00:00:00,Gardening,GD1200,3.0,Perlmann, Mr. T. C.
378,6016000,1/7/2001 00:00:00,Gardening,GD2100,1.0,Perlmann, Mr. T. C.
379,6016000,16/12/2000 00:00:00,Gardening,GD2300,1.0,Perlmann, Mr. T. C.
380,6016000,16/12/2000 00:00:00,Gardening,GD2400,3.0,Perlmann, Mr. T. C.
381,6016000,16/12/2000 00:00:00,Gardening,GD3300,1.0,Perlmann, Mr. T. C.
382,6016000,3/7/2001 00:00:00,Gardening,GD4000,1.0,Perlmann, Mr. T. C.
383,6016000,18/12/2000 00:00:00,Pets,PT3200,2.0,Perlmann, Mr. T. C.
384,6016000,31/10/2000 00:00:00,Sports,SP1500,1.0,Perlmann, Mr. T. C.
385,6016000,17/3/2001 00:00:00,Toys,TY2600,1.0,Perlmann, Mr. T. C.
386,6016000,16/7/2001 00:00:00,Toys,TY2700,1.0,Perlmann, Mr. T. C.
387,6141000,13/5/2001 00:00:00,Pets,PT1300,1.0,Berger, Mr. K. J.
388,6141000,17/12/2000 00:00:00,Sports,SP1100,1.0,Berger, Mr. K. J.
389,6141000,17/12/2000 00:00:00,Sports,SP1200,4.0,Berger, Mr. K. J.
390,6141000,17/12/2000 00:00:00,Sports,SP1500,4.0,Berger, Mr. K. J.
391,6141000,17/12/2000 00:00:00,Sports,SP2700,3.0,Berger, Mr. K. J.
392,6266000,21/3/2001 00:00:00,Pets,PT2300,4.0,Reuter, Ms. Gloria
393,6266000,21/3/2001 00:00:00,Pets,PT4600,1.0,Reuter, Ms. Gloria
394,6266000,6/1/2001 00:00:00,Sports,SP1100,1.0,Reuter, Ms. Gloria
395,6266000,31/3/2001 00:00:00,Sports,SP1100,1.0,Reuter, Ms. Gloria
396,6266000,31/3/2001 00:00:00,Sports,SP1400,1.0,Reuter, Ms. Gloria
397,6266000,6/1/2001 00:00:00,Sports,SP1600,1.0,Reuter, Ms. Gloria
398,6266000,6/1/2001 00:00:00,Sports,SP2000,1.0,Reuter, Ms. Gloria
399,6266000,31/3/2001 00:00:00,Sports,SP2200,1.0,Reuter, Ms. Gloria
400,6266000,6/1/2001 00:00:00,Sports,SP2600,1.0,Reuter, Ms. Gloria
401,6266000,31/3/2001 00:00:00,Sports,SP3300,1.0,Reuter, Ms. Gloria
402,6391000,5/9/2000 00:00:00,Gardening,GD3300,1.0,Dallas, Mr. Lanny
403,6391000,27/8/2000 00:00:00,Pets,PT2300,1.0,Dallas, Mr. Lanny
404,6516000,4/8/2000 00:00:00,Gardening,GD3000,1.0,Nauge, Mr. Frank
405,6516000,20/5/2001 00:00:00,Sports,SP1400,1.0,Nauge, Mr. Frank
406,6516000,20/5/2001 00:00:00,Sports,SP1600,1.0,Nauge, Mr. Frank
407,6516000,3/9/2000 00:00:00,Sports,SP2600,1.0,Nauge, Mr. Frank
408,6516000,20/5/2001 00:00:00,Sports,SP3300,1.0,Nauge, Mr. Frank
409,6516000,9/9/2000 00:00:00,Toys,TY3200,1.0,Nauge, Mr. Frank
410,6641000,23/8/2000 00:00:00,Gardening,GD2300,1.0,Lai, Ms. Andrea
411,6641000,26/5/2001 00:00:00,Pets,PT2200,1.0,Lai, Ms. Andrea
412,6641000,17/9/2000 00:00:00,Pets,PT2300,1.0,Lai, Ms. Andrea
413,6641000,26/11/2000 00:00:00,Sports,SP1400,1.0,Lai, Ms. Andrea
414,6641000,26/11/2000 00:00:00,Sports,SP2300,1.0,Lai, Ms. Andrea
415,6641000,10/7/2000 00:00:00,Sports,SP2500,2.0,Lai, Ms. Andrea
416,6641000,3/8/2001 00:00:00,Sports,SP2700,1.0,Lai, Ms. Andrea
417,6641000,26/11/2000 00:00:00,Sports,SP3000,1.0,Lai, Ms. Andrea
418,6641000,16/3/2001 00:00:00,Sports,SP3300,1.0,Lai, Ms. Andrea
419,6766000,25/1/2001 00:00:00,Pets,PT1400,1.0,Lu, Ms. Lisa
420,6766000,26/10/2000 00:00:00,Pets,PT2000,1.0,Lu, Ms. Lisa
421,6766000,13/3/2001 00:00:00,Sports,SP1000,1.0,Lu, Ms. Lisa
422,6766000,13/3/2001 00:00:00,Sports,SP1400,1.0,Lu, Ms. Lisa
423,6766000,13/3/2001 00:00:00,Sports,SP2400,1.0,Lu, Ms. Lisa
424,6766000,13/8/2000 00:00:00,Sports,SP3200,4.0,Lu, Ms. Lisa
425,6766000,13/3/2001 00:00:00,Sports,SP3300,1.0,Lu, Ms. Lisa
426,6766000,11/2/2001 00:00:00,Toys,TY4200,1.0,Lu, Ms. Lisa
427,6870000,20/7/2000 00:00:00,Gardening,GD1600,1.0,Jones, Mr. John
428,6870000,2/7/2000 00:00:00,Pets,PT2300,4.0,Jones, Mr. John
429,6870000,6/11/2000 00:00:00,Pets,PT2300,1.0,Jones, Mr. John
430,6870000,16/4/2001 00:00:00,Sports,SP1500,1.0,Jones, Mr. John
431,6870000,16/4/2001 00:00:00,Sports,SP2200,2.0,Jones, Mr. John
432,6870000,16/4/2001 00:00:00,Sports,SP3000,2.0,Jones, Mr. John
433,6870000,16/4/2001 00:00:00,Sports,SP3100,1.0,Jones, Mr. John
434,6870000,11/11/2000 00:00:00,Toys,TY2400,1.0,Jones, Mr. John
435,6870000,16/12/2000 00:00:00,Toys,TY4600,4.0,Jones, Mr. John
436,6892000,26/7/2001 00:00:00,Gardening,GD3300,1.0,Courtney, Ms. L.
437,6892000,19/5/2001 00:00:00,Pets,PT3500,1.0,Courtney, Ms. Leanne
438,6892000,27/6/2001 00:00:00,Sports,SP2700,3.0,Courtney, Ms. Leanne
439,6892000,9/1/2001 00:00:00,Toys,TY5100,2.0,Courtney, Ms. Leanne
440,6944000,15/7/2000 00:00:00,Pets,PT1000,1.0,Jones, Mr. Everett
441,6944000,15/7/2000 00:00:00,Pets,PT1100,1.0,Jones, Mr. Everett
442,6944000,20/10/2000 00:00:00,Pets,PT1100,1.0,Jones, Mr. Everett
443,6944000,20/10/2000 00:00:00,Pets,PT1300,1.0,Jones, Mr. Everett
444,6944000,20/10/2000 00:00:00,Pets,PT1400,1.0,Jones, Mr. Everett
445,6944000,15/7/2000 00:00:00,Pets,PT2000,1.0,Jones, Mr. Everett
446,6944000,15/7/2000 00:00:00,Pets,PT2300,2.0,Jones, Mr. Everett
447,6944000,23/8/2000 00:00:00,Sports,SP1400,1.0,Jones, Mr. Everett
448,6944000,1/6/2001 00:00:00,Toys,TY1600,1.0,Jones, Mr. Everett
449,6944000,7/6/2001 00:00:00,Toys,TY1750,1.0,Jones, Mr. Everett
450,6944000,1/6/2001 00:00:00,Toys,TY17OO,3.0,Jones, Mr. Everett
451,6944000,1/6/2001 00:00:00,Toys,TY2200,1.0,Jones, Mr. Everett
452,6944000,1/6/2001 00:00:00,Toys,TY2400,1.0,Jones, Mr. Everett
453,6944000,7/6/2001 00:00:00,Toys,TY3200,1.0,Jones, Mr. Everett
454,6944000,7/6/2001 00:00:00,Toys,TY3600,1.0,Jones, Mr. Everett
455,7017000,24/7/2001 00:00:00,Pets,PT1000,1.0,Fisher, Ms. Jennifer
456,7017000,24/7/2001 00:00:00,Pets,PT1300,1.0,Fisher, Ms. Jennifer
457,7017000,15/7/2000 00:00:00,Sports,SP1600,1.0,Fisher, Ms. Jennifer
458,7142000,10/10/2000 00:00:00,Gardening,GD2400,1.0,Chan, Mr. Ed
459,7142000,5/5/2001 00:00:00,Sports,SP1500,1.0,Chan, Mr. Ed
460,7142000,1/12/2000 00:00:00,Sports,SP3000,1.0,Chan, Mr. Ed
461,7142000,5/5/2001 00:00:00,Sports,SP3000,1.0,Chan, Mr. Ed
462,7142000,5/5/2001 00:00:00,Sports,SP3100,3.0,Chan, Mr. Ed
463,7142000,5/5/2001 00:00:00,Sports,SP3300,3.0,Chan, Mr. Ed
464,7142000,26/7/2000 00:00:00,Toys,TY2100,1.0,Chan, Mr. Ed
465,7142000,26/7/2000 00:00:00,Toys,TY3100,1.0,Chan, Mr. Ed
466,7142000,26/7/2000 00:00:00,Toys,TY3400,1.0,Chan, Mr. Ed
467,7142000,27/8/2000 00:00:00,Toys,TY4700,1.0,Chan, Mr. Ed
468,7267000,4/5/2001 00:00:00,Sports,SP1200,1.0,Monet, Mr. Ken
469,7267000,26/5/2001 00:00:00,Sports,SP1600,1.0,Monet, Mr. Ken
470,7267000,26/5/2001 00:00:00,Sports,SP2600,1.0,Monet, Mr. Ken
471,7392000,2/7/2001 00:00:00,Gardening,GD3300,1.0,Tart, Ms. Angela
472,7392000,21/4/2001 00:00:00,Pets,PT2100,1.0,Tart, Ms. Angela
473,7392000,6/1/2001 00:00:00,Sports,SP1300,1.0,Tart, Ms. Angela
474,7392000,6/1/2001 00:00:00,Sports,SP2600,1.0,Tart, Ms. Angela
475,7392000,6/1/2001 00:00:00,Sports,SP3100,1.0,Tart, Ms. Angela
476,7392000,6/1/2001 00:00:00,Sports,SP3200,1.0,Tart, Ms. Angela
477,7392000,31/5/2001 00:00:00,Toys,TY1650,3.0,Tart, Ms. Angela
478,7470000,23/5/2001 00:00:00,Gardening,GD1300,1.0,Jones, Ms. K. Theresa
479,7470000,28/10/2000 00:00:00,Gardening,GD1600,1.0,Jones, Ms. K. Theresa
480,7470000,3/8/2001 00:00:00,Gardening,GD4100,1.0,Jones, Ms. K. Theresa
481,7470000,18/4/2001 00:00:00,Pets,PT2200,4.0,Jones, Ms. K. Theresa
482,7470000,18/4/2001 00:00:00,Pets,PT4600,1.0,Jones, Ms. K. Theresa
483,7470000,4/12/2000 00:00:00,Sports,SP1600,1.0,Jones, Ms. K. Theresa
484,7470000,17/3/2001 00:00:00,Toys,TY4200,1.0,Jones, Ms. K. Theresa
485,7480000,4/7/2000 00:00:00,Gardening,GD2200,1.0,Jones, Mr. Bill
486,7480000,25/9/2000 00:00:00,Pets,PT3300,1.0,Jones, Mr. Bill A.
487,7480000,4/7/2001 00:00:00,Sports,SP1300,1.0,Jones, Mr. Bill
488,7480000,16/9/2000 00:00:00,Sports,SP2200,1.0,Jones, Mr. Bill
489,7480000,4/7/2001 00:00:00,Sports,SP2200,1.0,Jones, Mr. Bill
490,7480000,4/7/2001 00:00:00,Sports,SP2300,3.0,Jones, Mr. Bill
491,7480000,4/7/2001 00:00:00,Sports,SP2700,1.0,Jones, Mr. Bill
492,7517000,1/4/2001 00:00:00,Pets,PT2000,1.0,Bergman, Mr. Conrad
493,7517000,30/3/2001 00:00:00,Sports,SP1200,3.0,Bergman, Mr. Conrad
494,7517000,4/3/2001 00:00:00,Sports,SP1300,1.0,Bergman, Mr. Conrad
495,7517000,4/3/2001 00:00:00,Sports,SP1500,1.0,Bergman, Mr. Conrad
496,7517000,4/3/2001 00:00:00,Sports,SP2500,1.0,Bergman, Mr. Conrad
497,7517000,27/11/2000 00:00:00,Sports,SP2600,4.0,Bergman, Mr. Conrad
498,7517000,4/12/2000 00:00:00,Sports,SP2600,1.0,Bergman, Mr. Conrad
499,7642000,25/2/2001 00:00:00,Gardening,GD1001,1.0,Kosinski, Mr. Raineir
500,7642000,12/7/2001 00:00:00,Gardening,GD1300,1.0,Kosinski, Mr. Raineir
501,7642000,6/9/2000 00:00:00,Gardening,GD1400,1.0,Kosinski, Mr. Raineir
502,7642000,26/8/2000 00:00:00,Gardening,GD2100,1.0,Kosinski, Mr. Raineir
503,7642000,6/5/2001 00:00:00,Sports,SP2500,1.0,Kosinski, Mr. Raineir
504,7642000,2/3/2001 00:00:00,Sports,SP2600,1.0,Kosinski, Mr. Raineir
505,7642000,13/4/2001 00:00:00,Toys,TY1750,3.0,Kosinski, Mr. Raineir
506,7666000,7/8/2001 00:00:00,Pets,PT2200,1.0,Jones, Mr. Donald
507,7666000,13/6/2001 00:00:00,Toys,TY2200,3.0,Jones, Mr. Donald
508,7738000,16/4/2001 00:00:00,Sports,SP1600,1.0,Whitley-Jones, Ms. Joy
509,7738000,16/8/2000 00:00:00,Sports,SP2000,1.0,Whitley-Jones, Ms. Joy
510,7738000,11/3/2001 00:00:00,Sports,SP2600,1.0,Whitley-Jones, Ms. Joy
511,7738000,30/9/2000 00:00:00,Toys,TY4500,1.0,Whitley-Jones, Ms. Joy
512,7738000,21/3/2001 00:00:00,Toys,TY5100,1.0,Whitley-Jones, Ms. Joy
513,7767000,16/9/2000 00:00:00,Gardening,GD3100,3.0,Moss, Ms. Eugenia
514,7767000,26/6/2001 00:00:00,Pets,PT1100,1.0,Moss, Ms. Eugenia
515,7767000,26/6/2001 00:00:00,Pets,PT1200,1.0,Moss, Ms. Eugenia
516,7767000,21/5/2001 00:00:00,Pets,PT2000,1.0,Moss, Ms. Eugenia
517,7767000,26/6/2001 00:00:00,Pets,PT2000,1.0,Moss, Ms. Eugenia
518,7767000,11/6/2001 00:00:00,Sports,SP1100,1.0,Moss, Ms. Eugenia
519,7767000,22/6/2000 00:00:00,Sports,SP1300,4.0,Moss, Ms. Eugenia
520,7767000,5/6/2001 00:00:00,Sports,SP2200,1.0,Moss, Ms. Eugenia
521,7767000,22/6/2000 00:00:00,Sports,SP3300,3.0,Moss, Ms. Eugenia
522,7767000,5/5/2001 00:00:00,Toys,TY3400,1.0,Moss, Ms. Eugenia
523,7892000,22/10/2000 00:00:00,Pets,PT2100,1.0,Selle, Ms. Maria
524,7892000,2/8/2000 00:00:00,Sports,SP2500,1.0,Selle, Ms. Maria
525,7892000,27/10/2000 00:00:00,Toys,TY2100,1.0,Selle, Ms. Maria
526,7892000,4/7/2000 00:00:00,Toys,TY3500,4.0,Selle, Ms. Maria
527,8020000,28/6/2000 00:00:00,Gardening,GD2100,1.0,Head, Mr. George
528,8020000,20/7/2001 00:00:00,Pets,PT1000,1.0,Head, Mr. George
529,8020000,20/7/2001 00:00:00,Pets,PT3100,1.0,Head, Mr. George
530,8020000,24/11/2000 00:00:00,Toys,TY1900,1.0,Head, Mr. George
531,8145000,9/8/2000 00:00:00,Gardening,GD3100,1.0,Teel, Ms. Darla
532,8145000,9/7/2001 00:00:00,Sports,SP1300,1.0,Teel, Ms. Darla
533,8145000,21/10/2000 00:00:00,Sports,SP1600,1.0,Teel, Ms. Darla
534,8145000,21/10/2000 00:00:00,Sports,SP2300,1.0,Teel, Ms. Darla
535,8145000,21/10/2000 00:00:00,Sports,SP2400,1.0,Teel, Ms. Darla
536,8145000,10/10/2000 00:00:00,Toys,TY1850,1.0,Teel, Ms. Darla
537,8145000,2/8/2001 00:00:00,Toys,TY2500,1.0,Teel, Ms. Darla
538,8145000,24/10/2000 00:00:00,Toys,TY5200,1.0,Teel, Ms. Darla
539,8270000,12/1/2001 00:00:00,Sports,SP1400,1.0,Cracken, Mr. R. Thomas
540,8270000,25/11/2000 00:00:00,Sports,SP2300,1.0,Cracken, Mr. R. Thomas
541,8270000,12/1/2001 00:00:00,Sports,SP2400,1.0,Cracken, Mr. R. T.
542,8270000,12/1/2001 00:00:00,Sports,SP2500,1.0,Cracken, Mr. R. Thomas
543,8270000,4/6/2001 00:00:00,Toys,TY1200,1.0,Cracken, Mr. R. Thomas
544,8395000,22/12/2000 00:00:00,Sports,SP1000,1.0,Sullivan, Ms. Lina
545,8473000,21/5/2001 00:00:00,Gardening,GD1600,1.0,Jones, Ms. Margaret
546,8473000,9/3/2001 00:00:00,Toys,TY1950,1.0,Jones, Ms. Margaret
547,8520000,8/7/2000 00:00:00,Gardening,GD1100,1.0,Murray, Mr. Tom
548,8520000,2/12/2000 00:00:00,Gardening,GD3300,3.0,Murray, Mr. Tom
549,8520000,22/8/2000 00:00:00,Pets,PT1100,1.0,Murray, Mr. Tom
550,8520000,1/5/2001 00:00:00,Sports,SP1400,1.0,Murray, Mr. Tom
551,8520000,20/3/2001 00:00:00,Sports,SP3100,1.0,Murray, Mr. Tom
552,8645000,3/10/2000 00:00:00,Gardening,GD1600,2.0,Liston, Ms. Annyce
553,8645000,19/3/2001 00:00:00,Pets,PT1400,4.0,Liston, Ms. Annyce
554,8645000,29/7/2000 00:00:00,Sports,SP14OO,4.0,Liston, Ms. Annyce
555,8645000,19/6/2000 00:00:00,Sports,SP2200,1.0,Liston, Ms. Annyce
556,8645000,19/6/2000 00:00:00,Sports,SP2600,1.0,Liston, Ms. Annyce
557,8645000,29/1/2001 00:00:00,Toys,TY4100,1.0,Liston, Ms. A.
558,8645000,6/6/2001 00:00:00,Toys,TY4200,1.0,Liston, Ms. Annyce
559,8645000,6/6/2001 00:00:00,Toys,TY4300,4.0,Liston, Ms. Annyce
560,8645000,15/6/2001 00:00:00,Toys,TY4300,1.0,Liston, Ms. Annyce
561,8645000,6/6/2001 00:00:00,Toys,TY4600,1.0,Liston, Ms. Annyce
562,8770000,27/3/2001 00:00:00,Gardening,GD10)!,1.0,Hall, Mr. Brett
563,8770000,27/3/2001 00:00:00,Gardening,GD1400,2.0,Hall, Mr. Brett
564,8770000,27/3/2001 00:00:00,Gardening,GD2300,1.0,Hall, Mr. Brett
565,8770000,27/3/2001 00:00:00,Gardening,GD4200,3.0,Hall, Mr. Brett
566,8770000,26/11/2000 00:00:00,Sports,SP1000,1.0,Hall, Mr. Brett
567,8770000,28/10/2000 00:00:00,Sports,SP3200,1.0,Hall, Mr. Brett
568,8770000,8/2/2001 00:00:00,Toys,TY1850,1.0,Hall, Mr. Brett
569,8770000,2/6/2001 00:00:00,Toys,TY2400,4.0,Hall, Mr. Brett
570,8895000,1/7/2001 00:00:00,Gardening,GD1300,1.0,Scott, Mr. Conrad
571,8895000,3/7/2000 00:00:00,Gardening,GD2400,1.0,Scott, Mr. Conrad
572,8895000,18/11/2000 00:00:00,Pets,PT1400,2.0,Scott, Mr. Conrad
573,8895000,15/11/2000 00:00:00,Sports,SP2400,1.0,Scott, Mr. Conrad
574,8895000,10/1/2001 00:00:00,Sports,SP3100,1.0,Scott, Mr. Conrad
575,8895000,7/4/2001 00:00:00,Toys,TY4500,1.0,Scott, Mr. Conrad
576,8913000,4/8/2001 00:00:00,Gardening,GD4100,1.0,Jones, Mr. Jonathan
577,8913000,21/2/2001 00:00:00,Pets,PT1400,1.0,Jones, Mr. Jonathan
578,8913000,21/2/2001 00:00:00,Pets,PT4600,3.0,Jones, Mr. Jonathan
579,8913000,28/7/2000 00:00:00,Sports,SP2700,1.0,Jones, Mr. Jonathan
580,8913000,16/6/2001 00:00:00,Sports,SP3100,1.0,Jones, Mr. Jonathan
581,8913000,21/10/2000 00:00:00,Sports,SP3300,1.0,Jones, Mr. Jonathan
582,8913000,9/3/2001 00:00:00,Toys,TY1300,1.0,Jones, Mr. Jonathan
583,8913000,9/3/2001 00:00:00,Toys,TY1850,1.0,Jones, Mr. Jonathan
584,8913000,5/3/2001 00:00:00,Toys,TY3500,1.0,Jones, Mr. Jonathan
585,8913000,10/5/2001 00:00:00,Toys,TY4300,1.0,Jones, Mr. Jonathan
586,9020000,20/12/2000 00:00:00,Sports,SP2000,1.0,Blaska, Mr. Herman
587,9020000,7/1/2001 00:00:00,Sports,SP2400,1.0,Blaska, Mr. Herman
588,9020000,20/12/2000 00:00:00,Sports,SP3100,1.0,Blaska, Mr. Herman
589,9020000,20/12/2000 00:00:00,Sports,SP3200,1.0,Blaska, Mr. Herman
590,9145000,27/12/2000 00:00:00,Gardening,GD1500,2.0,Occianna, Mr. Christian
591,9145000,14/3/2001 00:00:00,Pets,PT1400,1.0,Occianna, Mr. Christian
592,9145000,1/5/2001 00:00:00,Toys,TY4600,1.0,Occianna, Mr. Christian
593,9204000,26/8/2000 00:00:00,Pets,PT1000,2.0,Jones, Mr. Brainard
594,9204000,6/4/2001 00:00:00,Sports,SP1100,1.0,Jones, Mr. Brainard
595,9204000,6/4/2001 00:00:00,Sports,SP2000,1.0,Jones, Mr. Brainard
596,9204000,6/4/2001 00:00:00,Sports,SP3200,1.0,Jones, Mr. Brainard
597,9204000,3/1/2001 00:00:00,Toys,TY3500,1.0,Jones, Mr. Brainard
598,9270000,15/1/2001 00:00:00,Pets,PT2000,3.0,Washton, Ms. Monica
599,9270000,10/11/2000 00:00:00,Sports,SP1000,1.0,Washton, Ms. Monica
600,9270000,18/4/2001 00:00:00,Toys,TY1950,3.0,Washton, Ms. Monica
601,9372000,23/9/2000 00:00:00,Pets,PT2300,1.0,Jones, Mr. F. J.
602,9372000,4/9/2000 00:00:00,Pets,PT3100,1.0,Jones, Mr. F. J.
603,9372000,12/8/2000 00:00:00,Sports,SP2200,1.0,Jones, Mr. F. J.
604,9372000,13/10/2000 00:00:00,Sports,SP2500,1.0,Jones, Mr. F. J.
605,9372000,12/8/2000 00:00:00,Sports,SP3200,1.0,Jones, Mr. F. J.
606,9372000,12/8/2000 00:00:00,Sports,SP3400,1.0,Jones, Mr. F. J.
607,9395000,11/9/2000 00:00:00,Gardening,GD3100,1.0,Justice, Mr. Clinton
608,9395000,11/9/2000 00:00:00,Gardening,GD3300,1.0,Justice, Mr. Clinton
609,9395000,11/9/2000 00:00:00,Gardening,GD4100,1.0,Justice, Mr. Clinton
610,9395000,27/1/2001 00:00:00,Pets,PT2100,4.0,Justice, Mr. Clinton
611,9395000,15/1/2001 00:00:00,Sports,SP2300,1.0,Justice, Mr. Clinton
612,9520000,27/9/2000 00:00:00,Gardening,GD1200,2.0,Gall, Ms. Ann
613,9520000,29/5/2001 00:00:00,Pets,PT2100,1.0,Gall, Ms. Ann
614,9520000,4/7/2000 00:00:00,Sports,SP1200,2.0,Gall, Ms. Ann
615,9520000,14/12/2000 00:00:00,Sports,SP1200,1.0,Gall, Ms. Ann
616,9520000,14/12/2000 00:00:00,Sports,SP2200,1.0,Gall, Ms. Ann
617,9520000,7/6/2001 00:00:00,Toys,TY4500,2.0,Gall, Ms. Ann
618,9548000,14/11/2000 00:00:00,Pets,PT1000,1.0,Jones, Mr. Tyson
619,9548000,16/12/2000 00:00:00,Sports,SP1400,2.0,Jones, Mr. Tyson
620,9548000,21/10/2000 00:00:00,Sports,SP2600,1.0,Jones, Mr. Tyson
621,9548000,7/1/2001 00:00:00,Toys,TY1900,1.0,Jones, Mr. Tyson
622,9548000,1/6/2001 00:00:00,Toys,TY3100,3.0,Jones, Mr. Tyson
623,9548000,1/6/2001 00:00:00,Toys,TY4400,1.0,Jones, Mr. Tyson
624,9548000,1/6/2001 00:00:00,Toys,TY5400,1.0,Jones, Mr. Tyson
625,9645000,8/9/2000 00:00:00,Gardening,GD2400,1.0,King, Ms. Kathryn
626,9645000,12/1/2001 00:00:00,Pets,PT1300,1.0,King, Ms. Kathryn
627,9645000,10/1/2001 00:00:00,Pets,PT1400,2.0,King, Ms. Kathryn
628,9645000,10/1/2001 00:00:00,Pets,PT3500,nan,King, Ms. Kathryn
629,9645000,17/10/2000 00:00:00,Sports,SP1000,1.0,King, Ms. Kathryn
630,9645000,2/8/2000 00:00:00,Sports,SP2000,1.0,King, Ms. Kathryn
631,9645000,8/2/2001 00:00:00,Sports,SP2300,1.0,King, Ms. Kathryn
632,9645000,29/4/2001 00:00:00,Toys,TY2300,1.0,King, Ms. Kathryn
633,9687000,21/2/2001 00:00:00,Pets,PT1300,2.0,Jones, Mr. Carl
634,9687000,15/1/2001 00:00:00,Pets,PT2100,1.0,Jones, Mr. Carl
635,9687000,3/8/2000 00:00:00,Pets,PT4600,1.0,Jones, Mr. Carl
636,9687000,20/11/2000 00:00:00,Sports,SP2000,1.0,Jones, Mr. Carl
637,9687000,15/9/2000 00:00:00,Sports,SP2300,1.0,Jones, Mr. Carl
638,9687000,8/7/2000 00:00:00,Sports,SP2400,1.0,Jones, Mr. Carl
639,9687000,28/8/2000 00:00:00,Sports,SP2400,3.0,Jones, Mr. Carl
640,9687000,20/11/2000 00:00:00,Sports,SP3200,3.0,Jones, Mr. Carl
641,9687000,12/5/2001 00:00:00,Toys,TY1300,1.0,Jones, Mr. Carl
642,9744000,4/12/2000 00:00:00,Gardening,GD15OO,4.0,Jones, Mr. Dominick
643,9744000,4/4/2001 00:00:00,Pets,PT1400,1.0,Jones, Mr. Dominick
644,9744000,23/8/2000 00:00:00,Sports,SP1600,1.0,Jones, Mr. Dominick
645,9744000,7/4/2001 00:00:00,Sports,SP1600,1.0,Jones, Mr. Dominick
646,9744000,9/11/2000 00:00:00,Sports,SP3000,1.0,Jones, Mr. Dominick
647,9745000,20/9/2000 00:00:00,Gardening,GD2000,1.0,Jones, Ms. Cassandra
648,9745000,20/9/2000 00:00:00,Gardening,GD2400,3.0,Jones, Ms. Cassandra
649,9745000,20/9/2000 00:00:00,Gardening,GD3300,1.0,Jones, Ms. Cassandra
650,9745000,30/1/2001 00:00:00,Pets,PT1300,4.0,Jones, Ms. Cassandra
651,9745000,4/2/2001 00:00:00,Pets,PT4600,2.0,Jones, Ms. Cassandra
652,9770000,22/10/2000 00:00:00,Gardening,GD1400,3.0,Best, Mr. George
653,9770000,22/10/2000 00:00:00,Gardening,GD1600,1.0,Best, Mr. George
654,9770000,22/10/2000 00:00:00,Gardening,GD3000,1.0,Best, Mr. George
655,9770000,18/10/2000 00:00:00,Pets,PT1100,1.0,Best, Mr. George
656,9770000,19/4/2001 00:00:00,Pets,PT1200,4.0,Best, Mr. George
657,9770000,18/10/2000 00:00:00,Pets,PT1400,1.0,Best, Mr. George
658,9770000,5/8/2001 00:00:00,Sports,SP2400,4.0,Best, Mr. George
659,9770000,10/3/2001 00:00:00,Sports,SP3100,1.0,Best, Mr. George
660,9770000,9/4/2001 00:00:00,Toys,TY5200,1.0,Best, Mr. George
661,9895000,10/9/2000 00:00:00,Pets,PT1000,2.0,Mueller, Mr. Earl
662,9895000,27/9/2000 00:00:00,Pets,PT2000,1.0,Mueller, Mr. Earl
663,9895000,25/4/2001 00:00:00,Pets,PT2200,1.0,Mueller, Mr. Earl
664,9895000,27/9/2000 00:00:00,Pets,PT3200,1.0,Mueller, Mr. Earl
665,9895000,27/9/2000 00:00:00,Pets,PT3500,1.0,Mueller, Mr. Earl
666,9895000,17/7/2001 00:00:00,Sports,SP2300,1.0,Mueller, Mr. Earl
667,9895000,15/8/2000 00:00:00,Sports,SP3100,1.0,Mueller, Mr. Earl
668,9895000,1/7/2001 00:00:00,Toys,TY1700,1.0,Mueller, Mr. Earl
669,10020000,26/1/2001 00:00:00,Gardening,GD1600,1.0,Lee, Mr. Robert
670,10020000,26/1/2001 00:00:00,Gardening,GD3200,1.0,Lee, Mr. Robert
671,10020000,9/12/2000 00:00:00,Gardening,GD3400,3.0,Lee, Mr. Robert
672,10020000,26/1/2001 00:00:00,Gardening,GD4200,3.0,Lee, Mr. Robert
673,10020000,2/8/2001 00:00:00,Sports,SP1000,3.0,Lee, Mr. Robert
674,10020000,9/4/2001 00:00:00,Sports,SP2400,2.0,Lee, Mr. Robert
675,10145000,2/11/2000 00:00:00,Pets,PT1100,1.0,Lisson, Mr. Anthony
676,10145000,30/7/2000 00:00:00,Sports,SP2000,1.0,Lisson, Mr. Anthony
677,10201000,21/7/2001 00:00:00,Gardening,GD3000,1.0,Jones, Ms. Ella
678,10201000,5/7/2001 00:00:00,Gardening,GD3100,1.0,Jones, Ms. Ella
679,10201000,21/7/2001 00:00:00,Gardening,GD3200,1.0,Jones, Ms. Ella
680,10201000,21/7/2001 00:00:00,Gardening,GD4200,1.0,Jones, Ms. Ella
681,10201000,9/7/2001 00:00:00,Pets,PT4500,1.0,Jones, Ms. Ella
682,10201000,19/12/2000 00:00:00,Sports,SP1000,1.0,Jones, Ms. Ella
683,10201000,19/9/2000 00:00:00,Sports,SP3200,1.0,Jones, Ms. Ella
684,10201000,1/8/2001 00:00:00,Sports,SP3200,1.0,Jones, Ms. Ella
685,10201000,17/12/2000 00:00:00,Toys,TY4600,1.0,Jones, Ms. Ella
686,10270000,18/9/2000 00:00:00,Gardening,GD1500,1.0,Dexter, Mr. Pete
687,10270000,2/10/2000 00:00:00,Sports,SP1300,1.0,Dexter, Mr. Pete
688,10270000,20/5/2001 00:00:00,Toys,TY1650,1.0,Dexter, Mr. Pete
689,10270000,30/1/2001 00:00:00,Toys,TY4500,1.0,Dexter, Mr. Pete
690,10296000,29/5/2001 00:00:00,Gardening,GD3200,3.0,Jones, Mr. James
691,10296000,21/6/2000 00:00:00,Sports,SP3400,1.0,Jones, Mr. James
692,10395000,24/6/2001 00:00:00,Pets,PT1200,1.0,Claxton, Ms. Ella
693,10395000,21/5/2001 00:00:00,Pets,PT4400,1.0,Claxton, Ms. Ella
694,10395000,10/3/2001 00:00:00,Sports,SP1400,1.0,Claxton, Ms. Ella
695,10395000,12/11/2000 00:00:00,Sports,SP2000,1.0,Claxton, Ms. Ella
696,10395000,10/3/2001 00:00:00,Sports,SP2600,1.0,Claxton, Ms. Ella
697,10395000,10/3/2001 00:00:00,Sports,SP2700,1.0,Claxton, Ms. Ella
698,10395000,10/6/2001 00:00:00,Toys,TY1200,1.0,Claxton, Ms. Ella
699,10520000,13/5/2001 00:00:00,Pets,PT3300,1.0,Moore, Ms. Karla
700,10520000,26/7/2000 00:00:00,Sports,SP1300,1.0,Moore, Ms. Karla
701,10520000,5/2/2001 00:00:00,Sports,SP3100,1.0,Moore, Ms. Karla
702,10520000,25/2/2001 00:00:00,Sports,SP3200,1.0,Moore, Ms. Karla
703,10520000,8/6/2001 00:00:00,Toys,TY2200,1.0,Moore, Ms. Karla
704,10645000,19/4/2001 00:00:00,Sports,SP2600,4.0,Kurtz, Mr. Allen
705,10770000,29/6/2001 00:00:00,Gardening,GD1001,1.0,McDonald, Mr. Jim
706,10770000,21/10/2000 00:00:00,Gardening,GD1010,1.0,McDonald, Mr. Jim
707,10770000,29/6/2001 00:00:00,Gardening,GD1100,4.0,McDonald, Mr. Jim
708,10770000,21/6/2000 00:00:00,Gardening,GD2200,3.0,McDonald, Mr. Jim
709,10770000,16/9/2000 00:00:00,Gardening,GD2300,1.0,McDonald, Mr. Jim
710,10770000,29/6/2001 00:00:00,Gardening,GD3000,3.0,McDonald, Mr. Jim
711,10770000,29/6/2001 00:00:00,Gardening,GD4300,1.0,McDonald, Mr. Jim
712,10770000,28/11/2000 00:00:00,Pets,PT1200,3.0,McDonald, Mr. Jim
713,10770000,21/4/2001 00:00:00,Sports,SP1300,1.0,McDonald, Mr. Jim
714,10770000,19/1/2001 00:00:00,Toys,TY1900,1.0,McDonald, Mr. Jim
715,10770000,6/4/2001 00:00:00,Toys,TY2100,4.0,McDonald, Mr. Jim
716,10770000,6/4/2001 00:00:00,Toys,TY2600,1.0,McDonald, Mr. Jim
717,10770000,6/4/2001 00:00:00,Toys,TY4300,3.0,McDonald, Mr. Jim
718,10770000,6/4/2001 00:00:00,Toys,TY4700,3.0,McDonald, Mr. Jim
719,10895000,8/3/2001 00:00:00,Gardening,GD1300,1.0,Hogue, Mr. Robert
720,10895000,21/6/2000 00:00:00,Pets,PT2100,1.0,Hogue, Mr. Robert
721,10895000,21/6/2000 00:00:00,Pets,PT2300,1.0,Hogue, Mr. Robert
722,10895000,23/12/2000 00:00:00,Sports,SP1000,1.0,Hogue, Mr. Robert
723,10895000,28/7/2000 00:00:00,Toys,TY1200,1.0,Hogue, Mr. Robert
724,10895000,11/5/2001 00:00:00,Toys,TY3300,4.0,Hogue, Mr. Robert
725,10895000,26/9/2000 00:00:00,Toys,TY4100,1.0,Hogue, Mr. Robert
726,11020000,21/2/2001 00:00:00,Pets,PT1300,3.0,Gillespie, Mr. John
727,11020000,4/8/2001 00:00:00,Pets,PT2100,1.0,Gillespie, Mr. John
728,11020000,9/3/2001 00:00:00,Sports,SP1500,1.0,Gillespie, Mr. John
729,11020000,9/3/2001 00:00:00,Sports,SP1600,3.0,Gillespie, Mr. John
730,11020000,9/3/2001 00:00:00,Sports,SP2700,3.0,Gillespie, Mr. John
731,11020000,9/3/2001 00:00:00,Sports,SP3000,1.0,Gillespie, Mr. John
732,11020000,26/5/2001 00:00:00,Toys,TY3600,1.0,Gillespie, Mr. John
733,11145000,22/11/2000 00:00:00,Sports,SP1100,1.0,Smith, Ms. Rosemary
734,11145000,1/2/2001 00:00:00,Sports,SP1400,2.0,Smith, Ms. Rosemary
735,11145000,12/9/2000 00:00:00,Sports,SP3300,1.0,Smith, Ms. Rosemary
736,11145000,4/1/2001 00:00:00,Toys,TY2400,1.0,Smith, Ms. Rosemary
737,11260000,7/11/2000 00:00:00,Gardening,GD12)),3.0,Jones, Mr. Nathan
738,11260000,8/5/2001 00:00:00,Sports,SP2300,1.0,Jones, Mr. Nathan
739,11260000,15/9/2000 00:00:00,Toys,TY1100,1.0,Jones, Mr. Nathan
740,11260000,15/9/2000 00:00:00,Toys,TY1700,1.0,Jones, Mr. Nathan
741,11260000,15/9/2000 00:00:00,Toys,TY2500,1.0,Jones, Mr. Nathan
742,11275000,3/10/2000 00:00:00,Gardening,GD3200,2.0,Wilkins, Mr. Bob
743,11275000,25/9/2000 00:00:00,Sports,SP3200,1.0,Wilkins, Mr. Bob
744,11328000,17/8/2000 00:00:00,Gardening,GD2200,1.0,Smith-Jones, Ms. Jan
745,11328000,17/8/2000 00:00:00,Gardening,GD4100,2.0,Smith-Jones, Ms. Jan
746,11328000,17/8/2000 00:00:00,Gardening,GD4300,1.0,Smith-Jones, Ms. Jan
747,11328000,27/1/2001 00:00:00,Pets,PT1400,1.0,Smith-Jones, Ms. Jan
748,11328000,17/11/2000 00:00:00,Sports,SP2200,1.0,Smith-Jones, Ms. Jan
749,11328000,24/5/2001 00:00:00,Toys,TY2300,1.0,Smith-Jones, Ms. Jan
750,11400000,6/9/2000 00:00:00,Gardening,GD3100,3.0,Houghton, Ms. Louise
751,11400000,27/5/2001 00:00:00,Sports,SP1200,1.0,Houghton, Ms. Louise
752,11400000,27/5/2001 00:00:00,Sports,SP1400,1.0,Houghton, Ms. Louise
753,11400000,27/5/2001 00:00:00,Sports,SP1500,1.0,Houghton, Ms. Louise
754,11400000,27/5/2001 00:00:00,Sports,SP2000,1.0,Houghton, Ms. Louise
755,11400000,1/2/2001 00:00:00,Sports,SP2500,3.0,Houghton, Ms. Louise
756,11525000,8/9/2000 00:00:00,Gardening,GD4000,1.0,Garner, Mr. Chris
757,11569000,1/3/2001 00:00:00,Pets,PT1300,3.0,James, Mr. Mike
758,11569000,14/2/2001 00:00:00,Sports,SP2000,1.0,James, Mr. Mike
759,11569000,24/5/2001 00:00:00,Toys,TY2700,1.0,James, Mr. Mike
760,11614000,4/8/2000 00:00:00,Gardening,GD4300,1.0,Cary, Dr. John D.
761,11614000,18/2/2001 00:00:00,Pets,PT2400,3.0,Cary, Dr. John D.
762,11614000,4/5/2001 00:00:00,Sports,SP1300,4.0,Cary, Dr. John D.
763,11614000,21/10/2000 00:00:00,Toys,TY1650,1.0,Cary, Dr. John D.
764,11614000,21/10/2000 00:00:00,Toys,TY2100,1.0,Cary, Dr. John D.
765,11614000,21/10/2000 00:00:00,Toys,TY4700,1.0,Cary, Dr. John D.
766,11614000,21/10/2000 00:00:00,Toys,TY5300,1.0,Cary, Dr. John D.
767,11615000,16/6/2001 00:00:00,Pets,PT1000,1.0,Dill, Mr. J. D.
768,11615000,1/7/2001 00:00:00,Sports,SP2300,1.0,Dill, Mr. J. D.
769,11615000,29/9/2000 00:00:00,Sports,SP2600,3.0,Dill, Mr. J. D.
770,11615000,6/3/2001 00:00:00,Toys,TY3700,1.0,Dill, Mr. J. D.
771,11615000,18/11/2000 00:00:00,Toys,TY4200,1.0,Dill, Mr. J. D.
772,11615000,6/3/2001 00:00:00,Toys,TY4300,3.0,Dill, Mr. J. D.
773,11615000,6/3/2001 00:00:00,Toys,TY4700,2.0,Dill, Mr. J. D.
774,11650000,2/8/2000 00:00:00,Pets,PT2200,3.0,Murphy, Ms. Wendy
775,11650000,6/12/2000 00:00:00,Sports,SP1000,1.0,Murphy, Ms. Wendy
776,11650000,6/12/2000 00:00:00,Sports,SP1500,1.0,Murphy, Ms. Wendy
777,11650000,6/12/2000 00:00:00,Sports,SP2300,1.0,Murphy, Ms. Wendy
778,11650000,20/6/2000 00:00:00,Sports,SP2400,nan,Murphy, Ms. Wendy
779,11650000,6/12/2000 00:00:00,Sports,SP2700,4.0,Murphy, Ms. Wendy
780,11650000,13/2/2001 00:00:00,Sports,SP3300,1.0,Murphy, Ms. Wendy
781,11650000,6/7/2001 00:00:00,Sports,SP3300,1.0,Murphy, Ms. Wendy
782,11650000,24/4/2001 00:00:00,Toys,TY1750,1.0,Murphy, Ms. Wendy
783,11650000,20/9/2000 00:00:00,Toys,TY5400,4.0,Murphy, Ms. Wendy
784,11775000,18/2/2001 00:00:00,Gardening,GD1600,1.0,Jones, Ms. D. Flowers
785,11775000,22/2/2001 00:00:00,Gardening,GD2100,nan,Jones, Ms. D. Flowers
786,11775000,22/2/2001 00:00:00,Gardening,GD2300,1.0,Jones, Ms. D. Flowers
787,11775000,22/2/2001 00:00:00,Gardening,GD4000,1.0,Jones, Ms. D. Flowers
788,11775000,26/2/2001 00:00:00,Pets,PT2200,1.0,Jones, Ms. D. Flowers
789,11775000,21/3/2001 00:00:00,Toys,TY1950,1.0,Jones, Ms. D. Flowers
790,11775000,15/7/2001 00:00:00,Toys,TY2400,1.0,Jones, Ms. D. Flowers
791,11775000,21/3/2001 00:00:00,Toys,TY4800,3.0,Jones, Ms. D. Flowers
792,11807000,30/6/2001 00:00:00,Gardening,GD2400,1.0,Jones, Mr. T. J.
793,11807000,4/8/2000 00:00:00,Gardening,GD3000,1.0,Jones, Mr. T. J.
794,11807000,16/8/2000 00:00:00,Pets,PT1000,1.0,Jones, Mr. T. J.
795,11807000,6/6/2001 00:00:00,Sports,SP1500,3.0,Jones, Mr. T. J.
796,11807000,6/6/2001 00:00:00,Sports,SP2400,4.0,Jones, Mr. T. J.
797,11807000,13/1/2001 00:00:00,Sports,SP2500,3.0,Jones, Mr. T. J.
798,11807000,6/6/2001 00:00:00,Sports,SP2600,1.0,Jones, Mr. T. J.
799,11807000,6/6/2001 00:00:00,Sports,SP2700,1.0,Jones, Mr. T. J.
800,11900000,9/6/2001 00:00:00,Pets,PT1400,1.0,Beltz, Ms. Charlene
801,11900000,2/7/2001 00:00:00,Sports,SP1200,3.0,Beltz, Ms. Charlene
802,11900000,30/8/2000 00:00:00,Sports,SP1300,1.0,Beltz, Ms. Charlene
803,11900000,30/1/2001 00:00:00,Sports,SP1300,1.0,Beltz, Ms. Charlene
804,11900000,26/12/2000 00:00:00,Sports,SP1500,1.0,Beltz, Ms. Charlene
805,11900000,16/6/2001 00:00:00,Sports,SP3000,1.0,Beltz, Ms. Charlene
806,11900000,16/6/2001 00:00:00,Sports,SP3400,1.0,Beltz, Ms. Charlene
807,12025000,15/5/2001 00:00:00,Sports,SP2000,3.0,Brown, Ms. Marie
808,12028000,29/7/2001 00:00:00,Pets,PT2100,4.0,Jones, Ms. Sue
809,12028000,28/3/2001 00:00:00,Pets,PT2200,1.0,Jones, Ms. Sue
810,12028000,11/10/2000 00:00:00,Sports,SP1400,1.0,Jones, Ms. Sue
811,12028000,9/3/2001 00:00:00,Toys,TY3800,2.0,Jones, Ms. Sue
812,12150000,10/8/2000 00:00:00,Gardening,GD1001,1.0,Lauder, Mr. Rocky
813,12150000,10/8/2000 00:00:00,Gardening,GD13OO,3.0,Lauder, Mr. Rocky
814,12150000,10/8/2000 00:00:00,Gardening,GD2300,3.0,Lauder, Mr. Rocky
815,12150000,16/9/2000 00:00:00,Gardening,GD2300,1.0,Lauder, Mr. Rocky
816,12150000,10/8/2000 00:00:00,Gardening,GD3100,4.0,Lauder, Mr. Rocky
817,12150000,9/4/2001 00:00:00,Pets,PT4600,1.0,Lauder, Mr. Rocky
818,12275000,29/3/2001 00:00:00,Gardening,GD4100,1.0,Schneider, Ms. Cynthia
819,12275000,2/11/2000 00:00:00,Pets,PT3400,1.0,Schneider, Ms. Cynthia
820,12275000,21/2/2001 00:00:00,Sports,SP2700,4.0,Schneider, Ms. Cynthia
821,12323000,25/2/2001 00:00:00,Pets,PT1200,3.0,Jones, Ms. Denise
822,12323000,7/7/2000 00:00:00,Pets,PT1OOO,4.0,Jones, Ms. Denise
823,12323000,1/12/2000 00:00:00,Sports,SP1100,1.0,Jones, Ms. Denise
824,12323000,1/12/2000 00:00:00,Sports,SP1300,1.0,Jones, Ms. Denise
825,12323000,1/12/2000 00:00:00,Sports,SP2500,4.0,Jones, Ms. Denise
826,12323000,23/3/2001 00:00:00,Toys,TY2500,1.0,Jones, Ms. Denise
827,12400000,24/9/2000 00:00:00,Pets,PT2200,1.0,Anderson, Ms. Violet
828,12400000,2/4/2001 00:00:00,Sports,SP2000,1.0,Anderson, Ms. Violet
829,12400000,27/6/2001 00:00:00,Toys,TY1950,4.0,Anderson, Ms. Violet
830,12400000,5/9/2000 00:00:00,Sports,sp2000,3.0,Anderson, Ms. Violet
831,12470000,15/5/2001 00:00:00,Pets,PT3200,2.0,Jenkins, Ms. P. S.
832,12470000,18/4/2001 00:00:00,Sports,SP2300,4.0,Jenkins, Ms. P. S.
833,12470000,8/3/2001 00:00:00,Toys,TY5200,3.0,Jenkins, Ms. P. S.
834,12525000,14/7/2001 00:00:00,Gardening,GD4200,3.0,McDonald, Ms. Kathy
835,12525000,31/10/2000 00:00:00,Gardening,GD4300,3.0,McDonald, Ms. Kathy
836,12525000,18/11/2000 00:00:00,Sports,SP2300,1.0,McDonald, Ms. Kathy
837,12525000,10/5/2001 00:00:00,Sports,SP3200,1.0,McDonald, Ms. Kathy
838,12525000,31/3/2001 00:00:00,Toys,TY3800,1.0,McDonald, Ms. Kathy
839,12544000,10/7/2001 00:00:00,Gardening,GD2400,2.0,Jones, Ms. Tracy
840,12544000,12/11/2000 00:00:00,Sports,SP1200,1.0,Jones, Ms. Tracy
841,12544000,25/2/2001 00:00:00,Toys,TY5100,2.0,Jones, Ms. Tracy
842,12544000,25/2/2001 00:00:00,Toys,TY5200,4.0,Jones, Ms. Tracy
843,12544000,1/7/2001 00:00:00,Gardening,gd3100,1.0,Jones, Ms. Tracy
844,12650000,24/6/2001 00:00:00,Pets,PT1300,1.0,Giargi, Ms. Michelle
845,12650000,29/9/2000 00:00:00,Sports,SP1200,1.0,Giargi, Ms. Michelle
846,12650000,16/12/2000 00:00:00,Toys,TY1600,1.0,Giargi, Ms. Michelle
847,12650000,21/6/2000 00:00:00,Toys,TY1950,3.0,Giargi, Ms. Michelle
848,12757000,23/6/2001 00:00:00,Gardening,GD101O,1.0,Dylan, Mr. Bob
849,12757000,2/2/2001 00:00:00,Sports,SP1100,2.0,Dylan, Mr. Bob
850,12757000,2/2/2001 00:00:00,Sports,SP3000,1.0,Dylan, Mr. Bob
851,12757000,11/2/2001 00:00:00,Sports,SP3200,1.0,Dylan, Mr. Bob
852,12775000,5/7/2001 00:00:00,Gardening,GD1400,1.0,McMurtry, Mr. James
853,12775000,25/8/2000 00:00:00,Sports,SP2000,1.0,McMurtry, Mr. James
854,12775000,1/8/2001 00:00:00,Sports,SP3300,3.0,McMurtry, Mr. James
855,12900000,20/6/2000 00:00:00,Sports,SP1100,1.0,Keith, Mr. B. K.
856,12900000,25/10/2000 00:00:00,Sports,SP2600,1.0,Keith, Mr. B. K.
857,12900000,4/4/2001 00:00:00,Toys,TY1300,1.0,Keith, Mr. B. K.
858,13025000,26/10/2000 00:00:00,Gardening,GD1600,1.0,Brown, Mr. Martin
859,13025000,11/11/2000 00:00:00,Pets,PT1000,2.0,Brown, Mr. Martin
860,13025000,11/11/2000 00:00:00,Pets,PT2300,1.0,Brown, Mr. Martin
861,13056000,29/12/2000 00:00:00,Gardening,GD1300,3.0,Jones, Mr. D. T.
862,13056000,29/12/2000 00:00:00,Gardening,GD1500,2.0,Jones, Mr. D. T.
863,13056000,11/9/2000 00:00:00,Gardening,GD3100,4.0,Jones, Mr. D. T.
864,13056000,29/12/2000 00:00:00,Gardening,GD3300,1.0,Jones, Mr. D. T.
865,13056000,24/12/2000 00:00:00,Gardening,GD4200,1.0,Jones, Mr. D. T.
866,13056000,15/5/2001 00:00:00,Toys,TY1850,1.0,Jones, Mr. D. T.
867,13056000,24/11/2000 00:00:00,Toys,TY4600,1.0,Jones, Mr. D. T.
868,13154000,5/2/2001 00:00:00,Pets,PT2100,1.0,Cale, Mr. John
869,13154000,8/1/2001 00:00:00,Sports,SP1600,1.0,Cale, Mr. John
870,13154000,31/5/2001 00:00:00,Toys,TY1400,1.0,Cale, Mr. John
871,13154000,31/5/2001 00:00:00,Toys,TY1800,1.0,Cale, Mr. John
872,13154000,31/5/2001 00:00:00,Toys,TY2300,1.0,Cale, Mr. John
873,13154000,31/5/2001 00:00:00,Toys,TY2600,1.0,Cale, Mr. John
874,13183000,28/11/2000 00:00:00,Gardening,GD2000,1.0,Jones, Mr. Brain
875,13183000,22/7/2001 00:00:00,Gardening,GD2100,4.0,Jones, Mr. Brain
876,13183000,10/7/2001 00:00:00,Gardening,GD4100,4.0,Jones, Mr. Brain
877,13183000,20/5/2001 00:00:00,Pets,PT4600,1.0,Jones, Mr. Brain
878,13183000,2/4/2001 00:00:00,Sports,SP1100,1.0,Jones, Mr. Brain
879,13183000,2/4/2001 00:00:00,Sports,SP1400,1.0,Jones, Mr. Brain
880,13183000,2/4/2001 00:00:00,Sports,SP3300,4.0,Jones, Mr. Brain
881,13183000,17/4/2001 00:00:00,Sports,SP3400,3.0,Jones, Mr. Brain
882,13183000,3/3/2001 00:00:00,Toys,TY3400,1.0,Jones, Mr. Brain
883,13183000,6/6/2001 00:00:00,Toys,TY4800,2.0,Jones, Mr. Brain
884,13183000,12/7/2000 00:00:00,Gardening,gd3200,4.0,Jones, Mr. Brain
885,13279000,29/8/2000 00:00:00,Pets,PT1400,2.0,Parker, Mr. Sam
886,13279000,25/4/2001 00:00:00,Pets,PT2400,1.0,Parker, Mr. Sam
887,13279000,3/4/2001 00:00:00,Sports,SP1200,4.0,Parker, Mr. Sam
888,13279000,3/4/2001 00:00:00,Sports,SP2200,1.0,Parker, Mr. Sam
889,13279000,3/4/2001 00:00:00,Sports,SP3000,1.0,Parker, Mr. Sam
890,13279000,21/2/2001 00:00:00,Toys,TY1500,1.0,Parker, Mr. Sam
891,13279000,21/2/2001 00:00:00,Toys,TY1800,1.0,Parker, Mr. Sam
892,13279000,21/2/2001 00:00:00,Toys,TY4800,1.0,Parker, Mr. Sam
893,13405000,11/9/2000 00:00:00,Gardening,GD1300,3.0,Britton, Ms. Tabitha
894,13405000,11/9/2000 00:00:00,Gardening,GD2200,1.0,Britton, Ms. Tabitha
895,13405000,11/9/2000 00:00:00,Gardening,GD3400,2.0,Britton, Ms. Tabitha
896,13405000,11/9/2000 00:00:00,Gardening,GD4000,1.0,Britton, Ms. Tabitha
897,13405000,22/1/2001 00:00:00,Gardening,GD4200,1.0,Britton, Ms. Tabitha
898,13405000,28/3/2001 00:00:00,Pets,PT1300,1.0,Britton, Ms. Tabitha
899,13405000,6/7/2001 00:00:00,Pets,PT1300,1.0,Britton, Ms. Tabitha
900,13405000,24/5/2001 00:00:00,Pets,PT1400,3.0,Britton, Ms. Tabitha
901,13405000,28/2/2001 00:00:00,Sports,SP1300,1.0,Britton, Ms. Tabitha
902,13405000,25/9/2000 00:00:00,Toys,TY1600,1.0,Britton, Ms. Tabitha
903,13476000,9/12/2000 00:00:00,Gardening,GD3000,1.0,Backus, Ms. Marge
904,13476000,12/12/2000 00:00:00,Pets,PT1200,2.0,Backus, Ms. Marge
905,13476000,25/7/2001 00:00:00,Pets,PT1200,1.0,Backus, Ms. Marge
906,13476000,25/7/2001 00:00:00,Pets,PT1400,1.0,Backus, Ms. Marge
907,13476000,21/2/2001 00:00:00,Sports,SP1400,2.0,Backus, Ms. Marge
908,13476000,21/2/2001 00:00:00,Sports,SP2000,1.0,Backus, Ms. Marge
909,13476000,21/2/2001 00:00:00,Sports,SP2600,1.0,Backus, Ms. Marge
910,13476000,27/2/2001 00:00:00,Toys,TY2700,1.0,Backus, Ms. Marge
911,13532000,14/9/2000 00:00:00,Gardening,GD4100,1.0,Best, Mr. C. L.
912,13532000,11/1/2001 00:00:00,Sports,SP2000,1.0,Best, Mr. C. L.
913,13532000,6/7/2000 00:00:00,Sports,SP2500,1.0,Best, Mr. C. L.
914,13532000,11/1/2001 00:00:00,Sports,SP3000,1.0,Best, Mr. C. L.
915,13532000,11/1/2001 00:00:00,Sports,SP3100,3.0,Best, Mr. C. L.
916,13532000,27/2/2001 00:00:00,Toys,TY1200,1.0,Best, Mr. C. L.
917,13532000,27/2/2001 00:00:00,Toys,TY1650,3.0,Best, Mr. C. L.
918,13532000,27/2/2001 00:00:00,Toys,TY16OO,1.0,Best, Mr. C. L.
919,13664000,24/12/2000 00:00:00,Gardening,GD2400,1.0,Chen, Ms. Helena
920,13664000,20/6/2001 00:00:00,Sports,SP2400,1.0,Chen, Ms. Helena
921,13664000,13/8/2000 00:00:00,Sports,SP3200,1.0,Chen, Ms. Helena
922,13664000,1/8/2001 00:00:00,Toys,TY1900,1.0,Chen, Ms. Helena
923,13664000,16/1/2001 00:00:00,Toys,TY3300,1.0,Chen, Ms. Helena
924,13664000,9/11/2000 00:00:00,Toys,TY4400,4.0,Chen, Ms. Helena
925,13682000,9/12/2000 00:00:00,Gardening,GD1300,1.0,Reed, Mr. Lou
926,13682000,12/2/2001 00:00:00,Gardening,GD1500,4.0,Reed, Mr. Lou
927,13682000,19/7/2001 00:00:00,Sports,SP1000,1.0,Reed, Mr. Lou
928,13682000,18/3/2001 00:00:00,Sports,SP3200,4.0,Reed, Mr. Lou
929,13682000,9/11/2000 00:00:00,Toys,TY1200,3.0,Reed, Mr. Lou
930,13682000,11/4/2001 00:00:00,Toys,TY1750,1.0,Reed, Mr. Lou
931,13682000,9/11/2000 00:00:00,Toys,TY2700,1.0,Reed, Mr. Lou
932,13682000,9/11/2000 00:00:00,Toys,TY3600,1.0,Reed, Mr. Lou
933,13682000,9/11/2000 00:00:00,Toys,TY4300,1.0,Reed, Mr. Lou
934,13782000,2/12/2000 00:00:00,Gardening,GD11OO,4.0,Jones, Ms. Dorothy
935,13782000,14/3/2001 00:00:00,Sports,SP1500,1.0,Jones, Ms. Dorothy
936,13782000,21/8/2000 00:00:00,Sports,SP2200,1.0,Jones, Ms. Dorothy
937,13782000,30/9/2000 00:00:00,Sports,SP2700,1.0,Jones, Ms. Dorothy
938,13782000,21/8/2000 00:00:00,Sports,SP3300,1.0,Jones, Ms. Dorothy
939,13789000,6/2/2001 00:00:00,Pets,PT1000,1.0,Roth, Mr. Tim
940,13789000,6/2/2001 00:00:00,Pets,PT2100,1.0,Roth, Mr. Tim
941,13789000,10/12/2000 00:00:00,Pets,PT2200,1.0,Roth, Mr. Tim
942,13789000,27/12/2000 00:00:00,Sports,SP2600,1.0,Roth, Mr. Tim
943,13789000,18/4/2001 00:00:00,Toys,TY4800,4.0,Roth, Mr. Tim
